borrower,business_type,carbon_price,price_impact,volume_impact,revenue,ebitda,ebitda_change,carbon_cost,transition_capex,cfads,dscr,interest_coverage,net_leverage,pd_multiplier,stressed_pd,stressed_lgd,ead,expected_credit_loss,ecl_rate,baseline_pd,baseline_lgd,refined_pd_multiplier,refined_stressed_pd,refined_stressed_lgd,refined_expected_credit_loss,refined_ecl_rate,ecl_change,ecl_change_pct
UpstreamCo,Exploration & Production,0,0.0,0.0,5000.0,1700.0,-0.0285714285714285,0.0,250.0,545.0,1.1354166666666667,9.444444444444445,1.5294117647058822,1,0.015,0.45,500,3.375,0.00675,0.015,0.45,2.0,0.03,0.45,6.75,0.0135,3.375,1.0
UpstreamCo,Exploration & Production,0,0.0,-0.05,4750.0,1615.0,-0.0771428571428571,0.0,237.5,485.25,1.0109375,8.972222222222221,1.609907120743034,2,0.03,0.45,500,6.75,0.0135,0.015,0.45,2.0,0.03,0.45,6.75,0.0135,0.0,0.0
UpstreamCo,Exploration & Production,0,0.0,-0.1,4500.0,1530.0,-0.1257142857142856,0.0,225.0,425.5,0.8864583333333333,8.5,1.699346405228758,5,0.075,0.45,500,16.875,0.03375,0.015,0.45,3.0,0.045,0.45,10.125,0.02025,-6.75,-0.4
UpstreamCo,Exploration & Production,0,0.0,-0.15,4250.0,1445.0,-0.1742857142857142,0.0,212.5,365.75,0.7619791666666667,8.027777777777779,1.799307958477509,5,0.075,0.45,500,16.875,0.03375,0.015,0.45,3.0,0.045,0.45,10.125,0.02025,-6.75,-0.4
UpstreamCo,Exploration & Production,0,-0.05,0.0,4750.0,1615.0,-0.0771428571428571,0.0,237.5,485.25,1.0109375,8.972222222222221,1.609907120743034,2,0.03,0.45,500,6.75,0.0135,0.015,0.45,2.0,0.03,0.45,6.75,0.0135,0.0,0.0
UpstreamCo,Exploration & Production,0,-0.05,-0.05,4512.5,1534.25,-0.1232857142857143,0.0,225.625,428.4875,0.8926822916666666,8.52361111111111,1.6946390744663515,5,0.075,0.45,500,16.875,0.03375,0.015,0.45,3.0,0.045,0.45,10.125,0.02025,-6.75,-0.4
UpstreamCo,Exploration & Production,0,-0.05,-0.1,4275.0,1453.5,-0.1694285714285714,0.0,213.75,371.7249999999999,0.7744270833333331,8.075,1.7887856897144825,5,0.075,0.45,500,16.875,0.03375,0.015,0.45,3.0,0.045,0.45,10.125,0.02025,-6.75,-0.4
UpstreamCo,Exploration & Production,0,-0.05,-0.15,4037.5,1372.75,-0.2155714285714285,0.0,201.875,314.9625000000001,0.6561718750000002,7.626388888888889,1.894008377344746,5,0.075,0.5,500,18.75,0.0375,0.015,0.45,4.5,0.0675,0.5,16.875,0.03375,-1.875,-0.1
UpstreamCo,Exploration & Production,0,-0.1,0.0,4500.0,1530.0,-0.1257142857142856,0.0,225.0,425.5,0.8864583333333333,8.5,1.699346405228758,5,0.075,0.45,500,16.875,0.03375,0.015,0.45,3.0,0.045,0.45,10.125,0.02025,-6.75,-0.4
UpstreamCo,Exploration & Production,0,-0.1,-0.05,4275.0,1453.5,-0.1694285714285714,0.0,213.75,371.7249999999999,0.7744270833333331,8.075,1.7887856897144825,5,0.075,0.45,500,16.875,0.03375,0.015,0.45,3.0,0.045,0.45,10.125,0.02025,-6.75,-0.4
UpstreamCo,Exploration & Production,0,-0.1,-0.1,4050.0,1377.0,-0.2131428571428572,0.0,202.5,317.95000000000005,0.6623958333333334,7.65,1.888162672476398,5,0.075,0.5,500,18.75,0.0375,0.015,0.45,4.5,0.0675,0.5,16.875,0.03375,-1.875,-0.1
UpstreamCo,Exploration & Production,0,-0.1,-0.15,3825.0,1300.5,-0.2568571428571429,0.0,191.25,264.17499999999995,0.5503645833333333,7.225,1.9992310649750096,5,0.075,0.5,500,18.75,0.0375,0.015,0.45,4.5,0.0675,0.5,16.875,0.03375,-1.875,-0.1
UpstreamCo,Exploration & Production,0,-0.15,0.0,4250.0,1445.0,-0.1742857142857142,0.0,212.5,365.75,0.7619791666666667,8.027777777777779,1.799307958477509,5,0.075,0.45,500,16.875,0.03375,0.015,0.45,3.0,0.045,0.45,10.125,0.02025,-6.75,-0.4
UpstreamCo,Exploration & Production,0,-0.15,-0.05,4037.5,1372.75,-0.2155714285714285,0.0,201.875,314.9625000000001,0.6561718750000002,7.626388888888889,1.894008377344746,5,0.075,0.5,500,18.75,0.0375,0.015,0.45,4.5,0.0675,0.5,16.875,0.03375,-1.875,-0.1
UpstreamCo,Exploration & Production,0,-0.15,-0.1,3825.0,1300.5,-0.2568571428571429,0.0,191.25,264.17499999999995,0.5503645833333333,7.225,1.9992310649750096,5,0.075,0.5,500,18.75,0.0375,0.015,0.45,4.5,0.0675,0.5,16.875,0.03375,-1.875,-0.1
UpstreamCo,Exploration & Production,0,-0.15,-0.15,3612.5,1228.25,-0.2981428571428571,0.0,180.625,213.38750000000005,0.4445572916666667,6.823611111111111,2.1168328923264808,5,0.075,0.5,500,18.75,0.0375,0.015,0.45,5.5,0.08249999999999999,0.5,20.624999999999996,0.041249999999999995,1.8749999999999964,0.09999999999999981
UpstreamCo,Exploration & Production,0,-0.2,0.0,4000.0,1360.0,-0.2228571428571428,0.0,200.0,306.0,0.6375,7.555555555555555,1.911764705882353,5,0.075,0.5,500,18.75,0.0375,0.015,0.45,4.5,0.0675,0.5,16.875,0.03375,-1.875,-0.1
UpstreamCo,Exploration & Production,0,-0.2,-0.05,3800.0,1292.0,-0.2617142857142857,0.0,190.0,258.20000000000005,0.5379166666666667,7.177777777777778,2.0123839009287927,5,0.075,0.5,500,18.75,0.0375,0.015,0.45,4.5,0.0675,0.5,16.875,0.03375,-1.875,-0.1
UpstreamCo,Exploration & Production,0,-0.2,-0.1,3600.0,1224.0,-0.3005714285714286,0.0,180.0,210.4000000000001,0.4383333333333335,6.8,2.124183006535948,5,0.075,0.5,500,18.75,0.0375,0.015,0.45,5.5,0.08249999999999999,0.5,20.624999999999996,0.041249999999999995,1.8749999999999964,0.09999999999999981
UpstreamCo,Exploration & Production,0,-0.2,-0.15,3400.0,1156.0,-0.3394285714285714,0.0,170.0,162.60000000000002,0.33875,6.422222222222223,2.2491349480968856,5,0.075,0.5,500,18.75,0.0375,0.015,0.45,5.5,0.08249999999999999,0.5,20.624999999999996,0.041249999999999995,1.8749999999999964,0.09999999999999981
UpstreamCo,Exploration & Production,0,-0.25,0.0,3750.0,1275.0,-0.2714285714285714,0.0,187.5,246.25,0.5130208333333334,7.083333333333333,2.0392156862745097,5,0.075,0.5,500,18.75,0.0375,0.015,0.45,4.5,0.0675,0.5,16.875,0.03375,-1.875,-0.1
UpstreamCo,Exploration & Production,0,-0.25,-0.05,3562.5,1211.25,-0.3078571428571428,0.0,178.125,201.4375,0.4196614583333333,6.729166666666667,2.146542827657379,5,0.075,0.5,500,18.75,0.0375,0.015,0.45,5.5,0.08249999999999999,0.5,20.624999999999996,0.041249999999999995,1.8749999999999964,0.09999999999999981
UpstreamCo,Exploration & Production,0,-0.25,-0.1,3375.0,1147.5,-0.3442857142857143,0.0,168.75,156.625,0.3263020833333333,6.375,2.2657952069716774,5,0.075,0.5,500,18.75,0.0375,0.015,0.45,5.5,0.08249999999999999,0.5,20.624999999999996,0.041249999999999995,1.8749999999999964,0.09999999999999981
UpstreamCo,Exploration & Production,0,-0.25,-0.15,3187.5,1083.75,-0.3807142857142856,0.0,159.375,111.8125,0.2329427083333333,6.020833333333333,2.399077277970012,5,0.075,0.55,500,20.625,0.04125,0.015,0.45,6.0,0.09,0.55,24.75,0.0495,4.125,0.2
UpstreamCo,Exploration & Production,50,0.0,0.0,5000.0,1662.5,-0.05,37.5,250.0,513.125,1.0690104166666667,9.23611111111111,1.56390977443609,2,0.03,0.45,500,6.75,0.0135,0.015,0.45,2.0,0.03,0.45,6.75,0.0135,0.0,0.0
UpstreamCo,Exploration & Production,50,0.0,-0.05,4750.0,1579.375,-0.0975,35.625,237.5,454.96875,0.9478515625,8.774305555555555,1.6462208151958844,5,0.075,0.45,500,16.875,0.03375,0.015,0.45,3.0,0.045,0.45,10.125,0.02025,-6.75,-0.4
UpstreamCo,Exploration & Production,50,0.0,-0.1,4500.0,1496.25,-0.145,33.75,225.0,396.8125,0.8266927083333333,8.3125,1.7376775271512113,5,0.075,0.45,500,16.875,0.03375,0.015,0.45,3.0,0.045,0.45,10.125,0.02025,-6.75,-0.4
UpstreamCo,Exploration & Production,50,0.0,-0.15,4250.0,1413.125,-0.1925,31.875,212.5,338.65625,0.7055338541666667,7.850694444444445,1.8398938522777533,5,0.075,0.45,500,16.875,0.03375,0.015,0.45,4.0,0.06,0.45,13.5,0.027,-3.375,-0.2
UpstreamCo,Exploration & Production,50,-0.05,0.0,4750.0,1579.375,-0.0975,35.625,237.5,454.96875,0.9478515625,8.774305555555555,1.6462208151958844,5,0.075,0.45,500,16.875,0.03375,0.015,0.45,3.0,0.045,0.45,10.125,0.02025,-6.75,-0.4
UpstreamCo,Exploration & Production,50,-0.05,-0.05,4512.5,1500.40625,-0.142625,33.84375,225.625,399.7203125000001,0.8327506510416669,8.335590277777778,1.732864015995668,5,0.075,0.45,500,16.875,0.03375,0.015,0.45,3.0,0.045,0.45,10.125,0.02025,-6.75,-0.4
UpstreamCo,Exploration & Production,50,-0.05,-0.1,4275.0,1421.4375,-0.1877499999999999,32.0625,213.75,344.47187499999995,0.7176497395833332,7.896875,1.8291342391065384,5,0.075,0.45,500,16.875,0.03375,0.015,0.45,4.0,0.06,0.45,13.5,0.027,-3.375,-0.2
UpstreamCo,Exploration & Production,50,-0.05,-0.15,4037.5,1342.46875,-0.232875,30.28125,201.875,289.22343750000005,0.6025488281250001,7.458159722222222,1.936730370818688,5,0.075,0.5,500,18.75,0.0375,0.015,0.45,4.5,0.0675,0.5,16.875,0.03375,-1.875,-0.1
UpstreamCo,Exploration & Production,50,-0.1,0.0,4500.0,1496.25,-0.145,33.75,225.0,396.8125,0.8266927083333333,8.3125,1.7376775271512113,5,0.075,0.45,500,16.875,0.03375,0.015,0.45,3.0,0.045,0.45,10.125,0.02025,-6.75,-0.4
UpstreamCo,Exploration & Production,50,-0.1,-0.05,4275.0,1421.4375,-0.1877499999999999,32.0625,213.75,344.47187499999995,0.7176497395833332,7.896875,1.8291342391065384,5,0.075,0.45,500,16.875,0.03375,0.015,0.45,4.0,0.06,0.45,13.5,0.027,-3.375,-0.2
UpstreamCo,Exploration & Production,50,-0.1,-0.1,4050.0,1346.625,-0.2305,30.375,202.5,292.1312499999999,0.6086067708333331,7.48125,1.9307528079457903,5,0.075,0.5,500,18.75,0.0375,0.015,0.45,4.5,0.0675,0.5,16.875,0.03375,-1.875,-0.1
UpstreamCo,Exploration & Production,50,-0.1,-0.15,3825.0,1271.8125,-0.27325,28.6875,191.25,239.7906250000001,0.4995638020833335,7.065625,2.044326502530837,5,0.075,0.5,500,18.75,0.0375,0.015,0.45,5.5,0.08249999999999999,0.5,20.624999999999996,0.041249999999999995,1.8749999999999964,0.09999999999999981
UpstreamCo,Exploration & Production,50,-0.15,0.0,4250.0,1413.125,-0.1925,31.875,212.5,338.65625,0.7055338541666667,7.850694444444445,1.8398938522777533,5,0.075,0.45,500,16.875,0.03375,0.015,0.45,4.0,0.06,0.45,13.5,0.027,-3.375,-0.2
UpstreamCo,Exploration & Production,50,-0.15,-0.05,4037.5,1342.46875,-0.232875,30.28125,201.875,289.22343750000005,0.6025488281250001,7.458159722222222,1.936730370818688,5,0.075,0.5,500,18.75,0.0375,0.015,0.45,4.5,0.0675,0.5,16.875,0.03375,-1.875,-0.1
UpstreamCo,Exploration & Production,50,-0.15,-0.1,3825.0,1271.8125,-0.27325,28.6875,191.25,239.7906250000001,0.4995638020833335,7.065625,2.044326502530837,5,0.075,0.5,500,18.75,0.0375,0.015,0.45,5.5,0.08249999999999999,0.5,20.624999999999996,0.041249999999999995,1.8749999999999964,0.09999999999999981
UpstreamCo,Exploration & Production,50,-0.15,-0.15,3612.5,1201.15625,-0.313625,27.09375,180.625,190.3578125,0.3965787760416667,6.673090277777778,2.16458100267971,5,0.075,0.5,500,18.75,0.0375,0.015,0.45,5.5,0.08249999999999999,0.5,20.624999999999996,0.041249999999999995,1.8749999999999964,0.09999999999999981
UpstreamCo,Exploration & Production,50,-0.2,0.0,4000.0,1330.0,-0.24,30.0,200.0,280.5,0.584375,7.388888888888889,1.954887218045113,5,0.075,0.5,500,18.75,0.0375,0.015,0.45,4.5,0.0675,0.5,16.875,0.03375,-1.875,-0.1
UpstreamCo,Exploration & Production,50,-0.2,-0.05,3800.0,1263.5,-0.278,28.5,190.0,233.9749999999999,0.4874479166666665,7.019444444444445,2.0577760189948555,5,0.075,0.5,500,18.75,0.0375,0.015,0.45,5.5,0.08249999999999999,0.5,20.624999999999996,0.041249999999999995,1.8749999999999964,0.09999999999999981
UpstreamCo,Exploration & Production,50,-0.2,-0.1,3600.0,1197.0,-0.3159999999999999,27.0,180.0,187.45000000000005,0.3905208333333334,6.65,2.172096908939014,5,0.075,0.5,500,18.75,0.0375,0.015,0.45,5.5,0.08249999999999999,0.5,20.624999999999996,0.041249999999999995,1.8749999999999964,0.09999999999999981
UpstreamCo,Exploration & Production,50,-0.2,-0.15,3400.0,1130.5,-0.354,25.5,170.0,140.92499999999995,0.2935937499999999,6.280555555555556,2.299867315347192,5,0.075,0.55,500,20.625,0.04125,0.015,0.45,6.0,0.09,0.55,24.75,0.0495,4.125,0.2
UpstreamCo,Exploration & Production,50,-0.25,0.0,3750.0,1246.875,-0.2875,28.125,187.5,222.34375,0.4632161458333333,6.927083333333333,2.085213032581453,5,0.075,0.5,500,18.75,0.0375,0.015,0.45,5.5,0.08249999999999999,0.5,20.624999999999996,0.041249999999999995,1.8749999999999964,0.09999999999999981
UpstreamCo,Exploration & Production,50,-0.25,-0.05,3562.5,1184.53125,-0.323125,26.71875,178.125,178.7265625,0.3723470052083333,6.580729166666667,2.194961086927846,5,0.075,0.5,500,18.75,0.0375,0.015,0.45,5.5,0.08249999999999999,0.5,20.624999999999996,0.041249999999999995,1.8749999999999964,0.09999999999999981
UpstreamCo,Exploration & Production,50,-0.25,-0.1,3375.0,1122.1875,-0.35875,25.3125,168.75,135.109375,0.2814778645833333,6.234375,2.3169033695349484,5,0.075,0.55,500,20.625,0.04125,0.015,0.45,6.0,0.09,0.55,24.75,0.0495,4.125,0.2
UpstreamCo,Exploration & Production,50,-0.25,-0.15,3187.5,1059.84375,-0.394375,23.90625,159.375,91.4921875,0.1906087239583333,5.888020833333333,2.4531918030370043,5,0.075,0.55,500,20.625,0.04125,0.015,0.45,6.0,0.09,0.55,24.75,0.0495,4.125,0.2
UpstreamCo,Exploration & Production,75,0.0,0.0,5000.0,1643.75,-0.0607142857142857,56.25,250.0,497.1875,1.0358072916666667,9.131944444444445,1.5817490494296578,2,0.03,0.45,500,6.75,0.0135,0.015,0.45,2.0,0.03,0.45,6.75,0.0135,0.0,0.0
UpstreamCo,Exploration & Production,75,0.0,-0.05,4750.0,1561.5625,-0.1076785714285714,53.4375,237.5,439.828125,0.91630859375,8.675347222222221,1.6649989993996397,5,0.075,0.45,500,16.875,0.03375,0.015,0.45,3.0,0.045,0.45,10.125,0.02025,-6.75,-0.4
UpstreamCo,Exploration & Production,75,0.0,-0.1,4500.0,1479.375,-0.1546428571428572,50.625,225.0,382.46875,0.7968098958333333,8.21875,1.757498943810731,5,0.075,0.45,500,16.875,0.03375,0.015,0.45,3.0,0.045,0.45,10.125,0.02025,-6.75,-0.4
UpstreamCo,Exploration & Production,75,0.0,-0.15,4250.0,1397.1875,-0.2016071428571428,47.8125,212.5,325.109375,0.6773111979166667,7.762152777777778,1.8608812346231267,5,0.075,0.5,500,18.75,0.0375,0.015,0.45,4.5,0.0675,0.5,16.875,0.03375,-1.875,-0.1
UpstreamCo,Exploration & Production,75,-0.05,0.0,4750.0,1561.5625,-0.1076785714285714,53.4375,237.5,439.828125,0.91630859375,8.675347222222221,1.6649989993996397,5,0.075,0.45,500,16.875,0.03375,0.015,0.45,3.0,0.045,0.45,10.125,0.02025,-6.75,-0.4
UpstreamCo,Exploration & Production,75,-0.05,-0.05,4512.5,1483.484375,-0.1522946428571429,50.765625,225.625,385.3367187500001,0.8027848307291667,8.241579861111111,1.7526305256838313,5,0.075,0.45,500,16.875,0.03375,0.015,0.45,3.0,0.045,0.45,10.125,0.02025,-6.75,-0.4
UpstreamCo,Exploration & Production,75,-0.05,-0.1,4275.0,1405.40625,-0.1969107142857142,48.09375,213.75,330.8453125000001,0.6892610677083335,7.8078125,1.849998888221822,5,0.075,0.45,500,16.875,0.03375,0.015,0.45,4.0,0.06,0.45,13.5,0.027,-3.375,-0.2
UpstreamCo,Exploration & Production,75,-0.05,-0.15,4037.5,1327.328125,-0.2415267857142857,45.421875,201.875,276.3539062499999,0.5757373046874998,7.374045138888889,1.9588223522348704,5,0.075,0.5,500,18.75,0.0375,0.015,0.45,4.5,0.0675,0.5,16.875,0.03375,-1.875,-0.1
UpstreamCo,Exploration & Production,75,-0.1,0.0,4500.0,1479.375,-0.1546428571428572,50.625,225.0,382.46875,0.7968098958333333,8.21875,1.757498943810731,5,0.075,0.45,500,16.875,0.03375,0.015,0.45,3.0,0.045,0.45,10.125,0.02025,-6.75,-0.4
UpstreamCo,Exploration & Production,75,-0.1,-0.05,4275.0,1405.40625,-0.1969107142857142,48.09375,213.75,330.8453125000001,0.6892610677083335,7.8078125,1.849998888221822,5,0.075,0.45,500,16.875,0.03375,0.015,0.45,4.0,0.06,0.45,13.5,0.027,-3.375,-0.2
UpstreamCo,Exploration & Production,75,-0.1,-0.1,4050.0,1331.4375,-0.2391785714285714,45.5625,202.5,279.22187499999995,0.5817122395833333,7.396875,1.9527766042341452,5,0.075,0.5,500,18.75,0.0375,0.015,0.45,4.5,0.0675,0.5,16.875,0.03375,-1.875,-0.1
UpstreamCo,Exploration & Production,75,-0.1,-0.15,3825.0,1257.46875,-0.2814464285714285,43.03125,191.25,227.59843750000005,0.4741634114583334,6.9859375,2.0676458162479188,5,0.075,0.5,500,18.75,0.0375,0.015,0.45,5.5,0.08249999999999999,0.5,20.624999999999996,0.041249999999999995,1.8749999999999964,0.09999999999999981
UpstreamCo,Exploration & Production,75,-0.15,0.0,4250.0,1397.1875,-0.2016071428571428,47.8125,212.5,325.109375,0.6773111979166667,7.762152777777778,1.8608812346231267,5,0.075,0.5,500,18.75,0.0375,0.015,0.45,4.5,0.0675,0.5,16.875,0.03375,-1.875,-0.1
UpstreamCo,Exploration & Production,75,-0.15,-0.05,4037.5,1327.328125,-0.2415267857142857,45.421875,201.875,276.3539062499999,0.5757373046874998,7.374045138888889,1.9588223522348704,5,0.075,0.5,500,18.75,0.0375,0.015,0.45,4.5,0.0675,0.5,16.875,0.03375,-1.875,-0.1
UpstreamCo,Exploration & Production,75,-0.15,-0.1,3825.0,1257.46875,-0.2814464285714285,43.03125,191.25,227.59843750000005,0.4741634114583334,6.9859375,2.0676458162479188,5,0.075,0.5,500,18.75,0.0375,0.015,0.45,5.5,0.08249999999999999,0.5,20.624999999999996,0.041249999999999995,1.8749999999999964,0.09999999999999981
UpstreamCo,Exploration & Production,75,-0.15,-0.15,3612.5,1187.609375,-0.3213660714285714,40.640625,180.625,178.84296874999995,0.3725895182291666,6.597829861111111,2.1892720407330906,5,0.075,0.5,500,18.75,0.0375,0.015,0.45,5.5,0.08249999999999999,0.5,20.624999999999996,0.041249999999999995,1.8749999999999964,0.09999999999999981
UpstreamCo,Exploration & Production,75,-0.2,0.0,4000.0,1315.0,-0.2485714285714285,45.0,200.0,267.75,0.5578125,7.305555555555555,1.9771863117870725,5,0.075,0.5,500,18.75,0.0375,0.015,0.45,4.5,0.0675,0.5,16.875,0.03375,-1.875,-0.1
UpstreamCo,Exploration & Production,75,-0.2,-0.05,3800.0,1249.25,-0.2861428571428571,42.75,190.0,221.86249999999995,0.4622135416666665,6.940277777777778,2.08124874924955,5,0.075,0.5,500,18.75,0.0375,0.015,0.45,5.5,0.08249999999999999,0.5,20.624999999999996,0.041249999999999995,1.8749999999999964,0.09999999999999981
UpstreamCo,Exploration & Production,75,-0.2,-0.1,3600.0,1183.5,-0.3237142857142857,40.5,180.0,175.97500000000002,0.3666145833333333,6.575,2.1968736797634136,5,0.075,0.5,500,18.75,0.0375,0.015,0.45,5.5,0.08249999999999999,0.5,20.624999999999996,0.041249999999999995,1.8749999999999964,0.09999999999999981
UpstreamCo,Exploration & Production,75,-0.2,-0.15,3400.0,1117.75,-0.3612857142857143,38.25,170.0,130.08749999999998,0.2710156249999999,6.209722222222222,2.3261015432789085,5,0.075,0.55,500,20.625,0.04125,0.015,0.45,6.0,0.09,0.55,24.75,0.0495,4.125,0.2
UpstreamCo,Exploration & Production,75,-0.25,0.0,3750.0,1232.8125,-0.2955357142857142,42.1875,187.5,210.390625,0.4383138020833333,6.848958333333333,2.108998732572877,5,0.075,0.5,500,18.75,0.0375,0.015,0.45,5.5,0.08249999999999999,0.5,20.624999999999996,0.041249999999999995,1.8749999999999964,0.09999999999999981
UpstreamCo,Exploration & Production,75,-0.25,-0.05,3562.5,1171.171875,-0.3307589285714285,40.078125,178.125,167.37109375,0.3486897786458333,6.506510416666667,2.2199986658661865,5,0.075,0.5,500,18.75,0.0375,0.015,0.45,5.5,0.08249999999999999,0.5,20.624999999999996,0.041249999999999995,1.8749999999999964,0.09999999999999981
UpstreamCo,Exploration & Production,75,-0.25,-0.1,3375.0,1109.53125,-0.3659821428571428,37.96875,168.75,124.3515625,0.2590657552083333,6.1640625,2.3433319250809745,5,0.075,0.55,500,20.625,0.04125,0.015,0.45,6.0,0.09,0.55,24.75,0.0495,4.125,0.2
UpstreamCo,Exploration & Production,75,-0.25,-0.15,3187.5,1047.890625,-0.4012053571428571,35.859375,159.375,81.33203125,0.1694417317708333,5.821614583333333,2.4811749794975024,5,0.075,0.55,500,20.625,0.04125,0.015,0.45,6.0,0.09,0.55,24.75,0.0495,4.125,0.2
UpstreamCo,Exploration & Production,100,0.0,0.0,5000.0,1625.0,-0.0714285714285714,75.0,250.0,481.25,1.0026041666666667,9.02777777777778,1.6,2,0.03,0.45,500,6.75,0.0135,0.015,0.45,2.0,0.03,0.45,6.75,0.0135,0.0,0.0
UpstreamCo,Exploration & Production,100,0.0,-0.05,4750.0,1543.75,-0.1178571428571428,71.25,237.5,424.6875,0.884765625,8.57638888888889,1.6842105263157894,5,0.075,0.45,500,16.875,0.03375,0.015,0.45,3.0,0.045,0.45,10.125,0.02025,-6.75,-0.4
UpstreamCo,Exploration & Production,100,0.0,-0.1,4500.0,1462.5,-0.1642857142857142,67.5,225.0,368.125,0.7669270833333334,8.125,1.7777777777777777,5,0.075,0.45,500,16.875,0.03375,0.015,0.45,3.0,0.045,0.45,10.125,0.02025,-6.75,-0.4
UpstreamCo,Exploration & Production,100,0.0,-0.15,4250.0,1381.25,-0.2107142857142857,63.75,212.5,311.5625,0.6490885416666666,7.673611111111111,1.8823529411764703,5,0.075,0.5,500,18.75,0.0375,0.015,0.45,4.5,0.0675,0.5,16.875,0.03375,-1.875,-0.1
UpstreamCo,Exploration & Production,100,-0.05,0.0,4750.0,1543.75,-0.1178571428571428,71.25,237.5,424.6875,0.884765625,8.57638888888889,1.6842105263157894,5,0.075,0.45,500,16.875,0.03375,0.015,0.45,3.0,0.045,0.45,10.125,0.02025,-6.75,-0.4
UpstreamCo,Exploration & Production,100,-0.05,-0.05,4512.5,1466.5625,-0.1619642857142856,67.6875,225.625,370.953125,0.7728190104166667,8.147569444444445,1.7728531855955678,5,0.075,0.45,500,16.875,0.03375,0.015,0.45,3.0,0.045,0.45,10.125,0.02025,-6.75,-0.4
UpstreamCo,Exploration & Production,100,-0.05,-0.1,4275.0,1389.375,-0.2060714285714285,64.125,213.75,317.21875,0.6608723958333333,7.71875,1.871345029239766,5,0.075,0.5,500,18.75,0.0375,0.015,0.45,4.5,0.0675,0.5,16.875,0.03375,-1.875,-0.1
UpstreamCo,Exploration & Production,100,-0.05,-0.15,4037.5,1312.1875,-0.2501785714285715,60.5625,201.875,263.484375,0.54892578125,7.289930555555555,1.9814241486068112,5,0.075,0.5,500,18.75,0.0375,0.015,0.45,4.5,0.0675,0.5,16.875,0.03375,-1.875,-0.1
UpstreamCo,Exploration & Production,100,-0.1,0.0,4500.0,1462.5,-0.1642857142857142,67.5,225.0,368.125,0.7669270833333334,8.125,1.7777777777777777,5,0.075,0.45,500,16.875,0.03375,0.015,0.45,3.0,0.045,0.45,10.125,0.02025,-6.75,-0.4
UpstreamCo,Exploration & Production,100,-0.1,-0.05,4275.0,1389.375,-0.2060714285714285,64.125,213.75,317.21875,0.6608723958333333,7.71875,1.871345029239766,5,0.075,0.5,500,18.75,0.0375,0.015,0.45,4.5,0.0675,0.5,16.875,0.03375,-1.875,-0.1
UpstreamCo,Exploration & Production,100,-0.1,-0.1,4050.0,1316.25,-0.2478571428571429,60.75,202.5,266.3125,0.5548177083333333,7.3125,1.9753086419753083,5,0.075,0.5,500,18.75,0.0375,0.015,0.45,4.5,0.0675,0.5,16.875,0.03375,-1.875,-0.1
UpstreamCo,Exploration & Production,100,-0.1,-0.15,3825.0,1243.125,-0.2896428571428571,57.375,191.25,215.40625,0.4487630208333333,6.90625,2.0915032679738563,5,0.075,0.5,500,18.75,0.0375,0.015,0.45,5.5,0.08249999999999999,0.5,20.624999999999996,0.041249999999999995,1.8749999999999964,0.09999999999999981
UpstreamCo,Exploration & Production,100,-0.15,0.0,4250.0,1381.25,-0.2107142857142857,63.75,212.5,311.5625,0.6490885416666666,7.673611111111111,1.8823529411764703,5,0.075,0.5,500,18.75,0.0375,0.015,0.45,4.5,0.0675,0.5,16.875,0.03375,-1.875,-0.1
UpstreamCo,Exploration & Production,100,-0.15,-0.05,4037.5,1312.1875,-0.2501785714285715,60.5625,201.875,263.484375,0.54892578125,7.289930555555555,1.9814241486068112,5,0.075,0.5,500,18.75,0.0375,0.015,0.45,4.5,0.0675,0.5,16.875,0.03375,-1.875,-0.1
UpstreamCo,Exploration & Production,100,-0.15,-0.1,3825.0,1243.125,-0.2896428571428571,57.375,191.25,215.40625,0.4487630208333333,6.90625,2.0915032679738563,5,0.075,0.5,500,18.75,0.0375,0.015,0.45,5.5,0.08249999999999999,0.5,20.624999999999996,0.041249999999999995,1.8749999999999964,0.09999999999999981
UpstreamCo,Exploration & Production,100,-0.15,-0.15,3612.5,1174.0625,-0.3291071428571428,54.1875,180.625,167.328125,0.3486002604166666,6.522569444444445,2.2145328719723185,5,0.075,0.5,500,18.75,0.0375,0.015,0.45,5.5,0.08249999999999999,0.5,20.624999999999996,0.041249999999999995,1.8749999999999964,0.09999999999999981
UpstreamCo,Exploration & Production,100,-0.2,0.0,4000.0,1300.0,-0.2571428571428571,60.0,200.0,255.0,0.53125,7.222222222222222,2.0,5,0.075,0.5,500,18.75,0.0375,0.015,0.45,4.5,0.0675,0.5,16.875,0.03375,-1.875,-0.1
UpstreamCo,Exploration & Production,100,-0.2,-0.05,3800.0,1235.0,-0.2942857142857142,57.0,190.0,209.75,0.4369791666666666,6.861111111111111,2.1052631578947367,5,0.075,0.5,500,18.75,0.0375,0.015,0.45,5.5,0.08249999999999999,0.5,20.624999999999996,0.041249999999999995,1.8749999999999964,0.09999999999999981
UpstreamCo,Exploration & Production,100,-0.2,-0.1,3600.0,1170.0,-0.3314285714285714,54.0,180.0,164.5,0.3427083333333333,6.5,2.2222222222222223,5,0.075,0.5,500,18.75,0.0375,0.015,0.45,5.5,0.08249999999999999,0.5,20.624999999999996,0.041249999999999995,1.8749999999999964,0.09999999999999981
UpstreamCo,Exploration & Production,100,-0.2,-0.15,3400.0,1105.0,-0.3685714285714285,51.0,170.0,119.25,0.2484375,6.138888888888889,2.3529411764705883,5,0.075,0.55,500,20.625,0.04125,0.015,0.45,6.0,0.09,0.55,24.75,0.0495,4.125,0.2
UpstreamCo,Exploration & Production,100,-0.25,0.0,3750.0,1218.75,-0.3035714285714286,56.25,187.5,198.4375,0.4134114583333333,6.770833333333333,2.1333333333333333,5,0.075,0.5,500,18.75,0.0375,0.015,0.45,5.5,0.08249999999999999,0.5,20.624999999999996,0.041249999999999995,1.8749999999999964,0.09999999999999981
UpstreamCo,Exploration & Production,100,-0.25,-0.05,3562.5,1157.8125,-0.3383928571428571,53.4375,178.125,156.015625,0.3250325520833333,6.432291666666667,2.245614035087719,5,0.075,0.5,500,18.75,0.0375,0.015,0.45,5.5,0.08249999999999999,0.5,20.624999999999996,0.041249999999999995,1.8749999999999964,0.09999999999999981
UpstreamCo,Exploration & Production,100,-0.25,-0.1,3375.0,1096.875,-0.3732142857142857,50.625,168.75,113.59375,0.2366536458333333,6.09375,2.3703703703703702,5,0.075,0.55,500,20.625,0.04125,0.015,0.45,6.0,0.09,0.55,24.75,0.0495,4.125,0.2
UpstreamCo,Exploration & Production,100,-0.25,-0.15,3187.5,1035.9375,-0.4080357142857143,47.8125,159.375,71.171875,0.1482747395833333,5.755208333333333,2.5098039215686274,5,0.075,0.55,500,20.625,0.04125,0.015,0.45,6.5,0.0975,0.55,26.812500000000004,0.053625000000000006,6.1875000000000036,0.30000000000000016
UpstreamCo,Exploration & Production,150,0.0,0.0,5000.0,1587.5,-0.0928571428571428,112.5,250.0,449.375,0.9361979166666666,8.819444444444445,1.6377952755905512,5,0.075,0.45,500,16.875,0.03375,0.015,0.45,3.0,0.045,0.45,10.125,0.02025,-6.75,-0.4
UpstreamCo,Exploration & Production,150,0.0,-0.05,4750.0,1508.125,-0.1382142857142857,106.875,237.5,394.40625,0.8216796875,8.378472222222221,1.7239950269374222,5,0.075,0.45,500,16.875,0.03375,0.015,0.45,3.0,0.045,0.45,10.125,0.02025,-6.75,-0.4
UpstreamCo,Exploration & Production,150,0.0,-0.1,4500.0,1428.75,-0.1835714285714286,101.25,225.0,339.4375,0.7071614583333333,7.9375,1.8197725284339457,5,0.075,0.45,500,16.875,0.03375,0.015,0.45,4.0,0.06,0.45,13.5,0.027,-3.375,-0.2
UpstreamCo,Exploration & Production,150,0.0,-0.15,4250.0,1349.375,-0.2289285714285714,95.625,212.5,284.46875,0.5926432291666667,7.496527777777778,1.9268179712830011,5,0.075,0.5,500,18.75,0.0375,0.015,0.45,4.5,0.0675,0.5,16.875,0.03375,-1.875,-0.1
UpstreamCo,Exploration & Production,150,-0.05,0.0,4750.0,1508.125,-0.1382142857142857,106.875,237.5,394.40625,0.8216796875,8.378472222222221,1.7239950269374222,5,0.075,0.45,500,16.875,0.03375,0.015,0.45,3.0,0.045,0.45,10.125,0.02025,-6.75,-0.4
UpstreamCo,Exploration & Production,150,-0.05,-0.05,4512.5,1432.71875,-0.1813035714285714,101.53125,225.625,342.1859374999999,0.7128873697916664,7.959548611111111,1.8147316073025497,5,0.075,0.45,500,16.875,0.03375,0.015,0.45,4.0,0.06,0.45,13.5,0.027,-3.375,-0.2
UpstreamCo,Exploration & Production,150,-0.05,-0.1,4275.0,1357.3125,-0.2243928571428571,96.1875,213.75,289.96562500000005,0.6040950520833335,7.540625,1.9155500299304693,5,0.075,0.5,500,18.75,0.0375,0.015,0.45,4.5,0.0675,0.5,16.875,0.03375,-1.875,-0.1
UpstreamCo,Exploration & Production,150,-0.05,-0.15,4037.5,1281.90625,-0.2674821428571429,90.84375,201.875,237.74531249999995,0.4953027343749999,7.121701388888889,2.028229443455791,5,0.075,0.5,500,18.75,0.0375,0.015,0.45,5.5,0.08249999999999999,0.5,20.624999999999996,0.041249999999999995,1.8749999999999964,0.09999999999999981
UpstreamCo,Exploration & Production,150,-0.1,0.0,4500.0,1428.75,-0.1835714285714286,101.25,225.0,339.4375,0.7071614583333333,7.9375,1.8197725284339457,5,0.075,0.45,500,16.875,0.03375,0.015,0.45,4.0,0.06,0.45,13.5,0.027,-3.375,-0.2
UpstreamCo,Exploration & Production,150,-0.1,-0.05,4275.0,1357.3125,-0.2243928571428571,96.1875,213.75,289.96562500000005,0.6040950520833335,7.540625,1.9155500299304693,5,0.075,0.5,500,18.75,0.0375,0.015,0.45,4.5,0.0675,0.5,16.875,0.03375,-1.875,-0.1
UpstreamCo,Exploration & Production,150,-0.1,-0.1,4050.0,1285.875,-0.2652142857142857,91.125,202.5,240.4937500000001,0.5010286458333335,7.14375,2.0219694760377176,5,0.075,0.5,500,18.75,0.0375,0.015,0.45,4.5,0.0675,0.5,16.875,0.03375,-1.875,-0.1
UpstreamCo,Exploration & Production,150,-0.1,-0.15,3825.0,1214.4375,-0.3060357142857143,86.0625,191.25,191.0218749999999,0.3979622395833331,6.746875,2.1409088569811128,5,0.075,0.5,500,18.75,0.0375,0.015,0.45,5.5,0.08249999999999999,0.5,20.624999999999996,0.041249999999999995,1.8749999999999964,0.09999999999999981
UpstreamCo,Exploration & Production,150,-0.15,0.0,4250.0,1349.375,-0.2289285714285714,95.625,212.5,284.46875,0.5926432291666667,7.496527777777778,1.9268179712830011,5,0.075,0.5,500,18.75,0.0375,0.015,0.45,4.5,0.0675,0.5,16.875,0.03375,-1.875,-0.1
UpstreamCo,Exploration & Production,150,-0.15,-0.05,4037.5,1281.90625,-0.2674821428571429,90.84375,201.875,237.74531249999995,0.4953027343749999,7.121701388888889,2.028229443455791,5,0.075,0.5,500,18.75,0.0375,0.015,0.45,5.5,0.08249999999999999,0.5,20.624999999999996,0.041249999999999995,1.8749999999999964,0.09999999999999981
UpstreamCo,Exploration & Production,150,-0.15,-0.1,3825.0,1214.4375,-0.3060357142857143,86.0625,191.25,191.0218749999999,0.3979622395833331,6.746875,2.1409088569811128,5,0.075,0.5,500,18.75,0.0375,0.015,0.45,5.5,0.08249999999999999,0.5,20.624999999999996,0.041249999999999995,1.8749999999999964,0.09999999999999981
UpstreamCo,Exploration & Production,150,-0.15,-0.15,3612.5,1146.96875,-0.3445892857142857,81.28125,180.625,144.29843749999998,0.3006217447916666,6.372048611111111,2.2668446720976485,5,0.075,0.5,500,18.75,0.0375,0.015,0.45,5.5,0.08249999999999999,0.5,20.624999999999996,0.041249999999999995,1.8749999999999964,0.09999999999999981
UpstreamCo,Exploration & Production,150,-0.2,0.0,4000.0,1270.0,-0.2742857142857142,90.0,200.0,229.5,0.478125,7.055555555555555,2.047244094488189,5,0.075,0.5,500,18.75,0.0375,0.015,0.45,5.5,0.08249999999999999,0.5,20.624999999999996,0.041249999999999995,1.8749999999999964,0.09999999999999981
UpstreamCo,Exploration & Production,150,-0.2,-0.05,3800.0,1206.5,-0.3105714285714286,85.5,190.0,185.5250000000001,0.3865104166666668,6.7027777777777775,2.154993783671778,5,0.075,0.5,500,18.75,0.0375,0.015,0.45,5.5,0.08249999999999999,0.5,20.624999999999996,0.041249999999999995,1.8749999999999964,0.09999999999999981
UpstreamCo,Exploration & Production,150,-0.2,-0.1,3600.0,1143.0,-0.3468571428571428,81.0,180.0,141.54999999999995,0.2948958333333332,6.35,2.2747156605424323,5,0.075,0.5,500,18.75,0.0375,0.015,0.45,5.5,0.08249999999999999,0.5,20.624999999999996,0.041249999999999995,1.8749999999999964,0.09999999999999981
UpstreamCo,Exploration & Production,150,-0.2,-0.15,3400.0,1079.5,-0.3831428571428571,76.5,170.0,97.57500000000005,0.2032812500000001,5.997222222222222,2.408522464103752,5,0.075,0.55,500,20.625,0.04125,0.015,0.45,6.0,0.09,0.55,24.75,0.0495,4.125,0.2
UpstreamCo,Exploration & Production,150,-0.25,0.0,3750.0,1190.625,-0.3196428571428571,84.375,187.5,174.53125,0.3636067708333333,6.614583333333333,2.183727034120735,5,0.075,0.5,500,18.75,0.0375,0.015,0.45,5.5,0.08249999999999999,0.5,20.624999999999996,0.041249999999999995,1.8749999999999964,0.09999999999999981
UpstreamCo,Exploration & Production,150,-0.25,-0.05,3562.5,1131.09375,-0.3536607142857143,80.15625,178.125,133.3046875,0.2777180989583333,6.283854166666667,2.298660035916563,5,0.075,0.55,500,20.625,0.04125,0.015,0.45,6.0,0.09,0.55,24.75,0.0495,4.125,0.2
UpstreamCo,Exploration & Production,150,-0.25,-0.1,3375.0,1071.5625,-0.3876785714285714,75.9375,168.75,92.078125,0.1918294270833333,5.953125,2.426363371245261,5,0.075,0.55,500,20.625,0.04125,0.015,0.45,6.0,0.09,0.55,24.75,0.0495,4.125,0.2
UpstreamCo,Exploration & Production,150,-0.25,-0.15,3187.5,1012.03125,-0.4216964285714285,71.71875,159.375,50.8515625,0.1059407552083333,5.622395833333333,2.569090628377335,5,0.075,0.55,500,20.625,0.04125,0.015,0.45,6.5,0.0975,0.55,26.812500000000004,0.053625000000000006,6.1875000000000036,0.30000000000000016
UpstreamCo,Exploration & Production,200,0.0,0.0,5000.0,1550.0,-0.1142857142857143,150.0,250.0,417.5,0.8697916666666666,8.61111111111111,1.6774193548387095,5,0.075,0.45,500,16.875,0.03375,0.015,0.45,3.0,0.045,0.45,10.125,0.02025,-6.75,-0.4
UpstreamCo,Exploration & Production,200,0.0,-0.05,4750.0,1472.5,-0.1585714285714285,142.5,237.5,364.125,0.75859375,8.180555555555555,1.765704584040747,5,0.075,0.45,500,16.875,0.03375,0.015,0.45,3.0,0.045,0.45,10.125,0.02025,-6.75,-0.4
UpstreamCo,Exploration & Production,200,0.0,-0.1,4500.0,1395.0,-0.2028571428571428,135.0,225.0,310.75,0.6473958333333333,7.75,1.863799283154122,5,0.075,0.5,500,18.75,0.0375,0.015,0.45,4.5,0.0675,0.5,16.875,0.03375,-1.875,-0.1
UpstreamCo,Exploration & Production,200,0.0,-0.15,4250.0,1317.5,-0.2471428571428571,127.5,212.5,257.375,0.5361979166666667,7.319444444444445,1.9734345351043645,5,0.075,0.5,500,18.75,0.0375,0.015,0.45,4.5,0.0675,0.5,16.875,0.03375,-1.875,-0.1
UpstreamCo,Exploration & Production,200,-0.05,0.0,4750.0,1472.5,-0.1585714285714285,142.5,237.5,364.125,0.75859375,8.180555555555555,1.765704584040747,5,0.075,0.45,500,16.875,0.03375,0.015,0.45,3.0,0.045,0.45,10.125,0.02025,-6.75,-0.4
UpstreamCo,Exploration & Production,200,-0.05,-0.05,4512.5,1398.875,-0.2006428571428571,135.375,225.625,313.41875000000005,0.6529557291666668,7.771527777777778,1.858636404253418,5,0.075,0.5,500,18.75,0.0375,0.015,0.45,4.5,0.0675,0.5,16.875,0.03375,-1.875,-0.1
UpstreamCo,Exploration & Production,200,-0.05,-0.1,4275.0,1325.25,-0.2427142857142856,128.25,213.75,262.7125000000001,0.5473177083333335,7.3625,1.9618939822674968,5,0.075,0.5,500,18.75,0.0375,0.015,0.45,4.5,0.0675,0.5,16.875,0.03375,-1.875,-0.1
UpstreamCo,Exploration & Production,200,-0.05,-0.15,4037.5,1251.625,-0.2847857142857143,121.125,201.875,212.0062499999999,0.4416796874999998,6.953472222222223,2.077299510636173,5,0.075,0.5,500,18.75,0.0375,0.015,0.45,5.5,0.08249999999999999,0.5,20.624999999999996,0.041249999999999995,1.8749999999999964,0.09999999999999981
UpstreamCo,Exploration & Production,200,-0.1,0.0,4500.0,1395.0,-0.2028571428571428,135.0,225.0,310.75,0.6473958333333333,7.75,1.863799283154122,5,0.075,0.5,500,18.75,0.0375,0.015,0.45,4.5,0.0675,0.5,16.875,0.03375,-1.875,-0.1
UpstreamCo,Exploration & Production,200,-0.1,-0.05,4275.0,1325.25,-0.2427142857142856,128.25,213.75,262.7125000000001,0.5473177083333335,7.3625,1.9618939822674968,5,0.075,0.5,500,18.75,0.0375,0.015,0.45,4.5,0.0675,0.5,16.875,0.03375,-1.875,-0.1
UpstreamCo,Exploration & Production,200,-0.1,-0.1,4050.0,1255.5,-0.2825714285714286,121.5,202.5,214.67499999999995,0.4472395833333332,6.975,2.070888092393469,5,0.075,0.5,500,18.75,0.0375,0.015,0.45,5.5,0.08249999999999999,0.5,20.624999999999996,0.041249999999999995,1.8749999999999964,0.09999999999999981
UpstreamCo,Exploration & Production,200,-0.1,-0.15,3825.0,1185.75,-0.3224285714285714,114.75,191.25,166.63750000000005,0.3471614583333334,6.5875,2.1927050390048493,5,0.075,0.5,500,18.75,0.0375,0.015,0.45,5.5,0.08249999999999999,0.5,20.624999999999996,0.041249999999999995,1.8749999999999964,0.09999999999999981
UpstreamCo,Exploration & Production,200,-0.15,0.0,4250.0,1317.5,-0.2471428571428571,127.5,212.5,257.375,0.5361979166666667,7.319444444444445,1.9734345351043645,5,0.075,0.5,500,18.75,0.0375,0.015,0.45,4.5,0.0675,0.5,16.875,0.03375,-1.875,-0.1
UpstreamCo,Exploration & Production,200,-0.15,-0.05,4037.5,1251.625,-0.2847857142857143,121.125,201.875,212.0062499999999,0.4416796874999998,6.953472222222223,2.077299510636173,5,0.075,0.5,500,18.75,0.0375,0.015,0.45,5.5,0.08249999999999999,0.5,20.624999999999996,0.041249999999999995,1.8749999999999964,0.09999999999999981
UpstreamCo,Exploration & Production,200,-0.15,-0.1,3825.0,1185.75,-0.3224285714285714,114.75,191.25,166.63750000000005,0.3471614583333334,6.5875,2.1927050390048493,5,0.075,0.5,500,18.75,0.0375,0.015,0.45,5.5,0.08249999999999999,0.5,20.624999999999996,0.041249999999999995,1.8749999999999964,0.09999999999999981
UpstreamCo,Exploration & Production,200,-0.15,-0.15,3612.5,1119.875,-0.3600714285714286,108.375,180.625,121.26874999999995,0.2526432291666666,6.221527777777778,2.321687688358076,5,0.075,0.55,500,20.625,0.04125,0.015,0.45,6.0,0.09,0.55,24.75,0.0495,4.125,0.2
UpstreamCo,Exploration & Production,200,-0.2,0.0,4000.0,1240.0,-0.2914285714285715,120.0,200.0,204.0,0.425,6.888888888888889,2.096774193548387,5,0.075,0.5,500,18.75,0.0375,0.015,0.45,5.5,0.08249999999999999,0.5,20.624999999999996,0.041249999999999995,1.8749999999999964,0.09999999999999981
UpstreamCo,Exploration & Production,200,-0.2,-0.05,3800.0,1178.0,-0.3268571428571428,114.0,190.0,161.29999999999995,0.3360416666666665,6.544444444444444,2.2071307300509337,5,0.075,0.5,500,18.75,0.0375,0.015,0.45,5.5,0.08249999999999999,0.5,20.624999999999996,0.041249999999999995,1.8749999999999964,0.09999999999999981
UpstreamCo,Exploration & Production,200,-0.2,-0.1,3600.0,1116.0,-0.3622857142857143,108.0,180.0,118.60000000000002,0.2470833333333333,6.2,2.3297491039426523,5,0.075,0.55,500,20.625,0.04125,0.015,0.45,6.0,0.09,0.55,24.75,0.0495,4.125,0.2
UpstreamCo,Exploration & Production,200,-0.2,-0.15,3400.0,1054.0,-0.3977142857142857,102.0,170.0,75.89999999999998,0.1581249999999999,5.855555555555555,2.4667931688804554,5,0.075,0.55,500,20.625,0.04125,0.015,0.45,6.0,0.09,0.55,24.75,0.0495,4.125,0.2
UpstreamCo,Exploration & Production,200,-0.25,0.0,3750.0,1162.5,-0.3357142857142857,112.5,187.5,150.625,0.3138020833333333,6.458333333333333,2.236559139784946,5,0.075,0.5,500,18.75,0.0375,0.015,0.45,5.5,0.08249999999999999,0.5,20.624999999999996,0.041249999999999995,1.8749999999999964,0.09999999999999981
UpstreamCo,Exploration & Production,200,-0.25,-0.05,3562.5,1104.375,-0.3689285714285714,106.875,178.125,110.59375,0.2304036458333333,6.135416666666667,2.354272778720996,5,0.075,0.55,500,20.625,0.04125,0.015,0.45,6.0,0.09,0.55,24.75,0.0495,4.125,0.2
UpstreamCo,Exploration & Production,200,-0.25,-0.1,3375.0,1046.25,-0.4021428571428571,101.25,168.75,70.5625,0.1470052083333333,5.8125,2.4850657108721625,5,0.075,0.55,500,20.625,0.04125,0.015,0.45,6.0,0.09,0.55,24.75,0.0495,4.125,0.2
UpstreamCo,Exploration & Production,200,-0.25,-0.15,3187.5,988.125,-0.4353571428571429,95.625,159.375,30.53125,0.0636067708333333,5.489583333333333,2.631246046805819,5,0.075,0.55,500,20.625,0.04125,0.015,0.45,6.5,0.0975,0.55,26.812500000000004,0.053625000000000006,6.1875000000000036,0.30000000000000016
IntegratedCo,Integrated Oil & Gas,0,0.0,0.0,12000.0,2880.0,-0.04,0.0,600.0,848.0,1.087179487179487,8.727272727272727,1.5972222222222223,1,0.01,0.4,800,3.2,0.004,0.01,0.4,2.0,0.02,0.4,6.4,0.008,3.2,1.0
IntegratedCo,Integrated Oil & Gas,0,0.0,-0.05,11400.0,2736.0,-0.0879999999999999,0.0,570.0,755.5999999999999,0.9687179487179486,8.290909090909091,1.6812865497076024,5,0.05,0.4,800,16.000000000000004,0.02,0.01,0.4,3.0,0.03,0.4,9.6,0.012,-6.400000000000004,-0.40000000000000013
IntegratedCo,Integrated Oil & Gas,0,0.0,-0.1,10800.0,2592.0,-0.136,0.0,540.0,663.1999999999998,0.8502564102564101,7.8545454545454545,1.7746913580246917,5,0.05,0.4,800,16.000000000000004,0.02,0.01,0.4,3.0,0.03,0.4,9.6,0.012,-6.400000000000004,-0.40000000000000013
IntegratedCo,Integrated Oil & Gas,0,0.0,-0.15,10200.0,2448.0,-0.184,0.0,510.0,570.8000000000002,0.731794871794872,7.418181818181818,1.8790849673202612,5,0.05,0.4,800,16.000000000000004,0.02,0.01,0.4,4.0,0.04,0.4,12.8,0.016,-3.200000000000003,-0.20000000000000012
IntegratedCo,Integrated Oil & Gas,0,-0.05,0.0,11400.0,2736.0,-0.0879999999999999,0.0,570.0,755.5999999999999,0.9687179487179486,8.290909090909091,1.6812865497076024,5,0.05,0.4,800,16.000000000000004,0.02,0.01,0.4,3.0,0.03,0.4,9.6,0.012,-6.400000000000004,-0.40000000000000013
IntegratedCo,Integrated Oil & Gas,0,-0.05,-0.05,10830.0,2599.2,-0.1336,0.0,541.5,667.8199999999997,0.8561794871794868,7.876363636363636,1.7697753154816869,5,0.05,0.4,800,16.000000000000004,0.02,0.01,0.4,3.0,0.03,0.4,9.6,0.012,-6.400000000000004,-0.40000000000000013
IntegratedCo,Integrated Oil & Gas,0,-0.05,-0.1,10260.0,2462.4,-0.1791999999999999,0.0,513.0,580.04,0.7436410256410256,7.461818181818182,1.8680961663417803,5,0.05,0.4,800,16.000000000000004,0.02,0.01,0.4,4.0,0.04,0.4,12.8,0.016,-3.200000000000003,-0.20000000000000012
IntegratedCo,Integrated Oil & Gas,0,-0.05,-0.15,9690.0,2325.6,-0.2248,0.0,484.5,492.26,0.631102564102564,7.047272727272727,1.977984176126591,5,0.05,0.45,800,18.000000000000004,0.0225,0.01,0.4,4.5,0.045,0.45,16.2,0.02025,-1.8000000000000043,-0.10000000000000021
IntegratedCo,Integrated Oil & Gas,0,-0.1,0.0,10800.0,2592.0,-0.136,0.0,540.0,663.1999999999998,0.8502564102564101,7.8545454545454545,1.7746913580246917,5,0.05,0.4,800,16.000000000000004,0.02,0.01,0.4,3.0,0.03,0.4,9.6,0.012,-6.400000000000004,-0.40000000000000013
IntegratedCo,Integrated Oil & Gas,0,-0.1,-0.05,10260.0,2462.4,-0.1791999999999999,0.0,513.0,580.04,0.7436410256410256,7.461818181818182,1.8680961663417803,5,0.05,0.4,800,16.000000000000004,0.02,0.01,0.4,4.0,0.04,0.4,12.8,0.016,-3.200000000000003,-0.20000000000000012
IntegratedCo,Integrated Oil & Gas,0,-0.1,-0.1,9720.0,2332.8,-0.2223999999999999,0.0,486.0,496.8800000000001,0.6370256410256412,7.069090909090909,1.9718792866941013,5,0.05,0.45,800,18.000000000000004,0.0225,0.01,0.4,4.5,0.045,0.45,16.2,0.02025,-1.8000000000000043,-0.10000000000000021
IntegratedCo,Integrated Oil & Gas,0,-0.1,-0.15,9180.0,2203.2,-0.2656,0.0,459.0,413.7199999999998,0.5304102564102562,6.676363636363636,2.087872185911402,5,0.05,0.45,800,18.000000000000004,0.0225,0.01,0.4,4.5,0.045,0.45,16.2,0.02025,-1.8000000000000043,-0.10000000000000021
IntegratedCo,Integrated Oil & Gas,0,-0.15,0.0,10200.0,2448.0,-0.184,0.0,510.0,570.8000000000002,0.731794871794872,7.418181818181818,1.8790849673202612,5,0.05,0.4,800,16.000000000000004,0.02,0.01,0.4,4.0,0.04,0.4,12.8,0.016,-3.200000000000003,-0.20000000000000012
IntegratedCo,Integrated Oil & Gas,0,-0.15,-0.05,9690.0,2325.6,-0.2248,0.0,484.5,492.26,0.631102564102564,7.047272727272727,1.977984176126591,5,0.05,0.45,800,18.000000000000004,0.0225,0.01,0.4,4.5,0.045,0.45,16.2,0.02025,-1.8000000000000043,-0.10000000000000021
IntegratedCo,Integrated Oil & Gas,0,-0.15,-0.1,9180.0,2203.2,-0.2656,0.0,459.0,413.7199999999998,0.5304102564102562,6.676363636363636,2.087872185911402,5,0.05,0.45,800,18.000000000000004,0.0225,0.01,0.4,4.5,0.045,0.45,16.2,0.02025,-1.8000000000000043,-0.10000000000000021
IntegratedCo,Integrated Oil & Gas,0,-0.15,-0.15,8670.0,2080.8,-0.3063999999999999,0.0,433.5,335.1800000000003,0.4297179487179491,6.305454545454546,2.210688196847366,5,0.05,0.45,800,18.000000000000004,0.0225,0.01,0.4,5.5,0.055,0.45,19.8,0.02475,1.7999999999999972,0.09999999999999983
IntegratedCo,Integrated Oil & Gas,0,-0.2,0.0,9600.0,2304.0,-0.2319999999999999,0.0,480.0,478.4000000000001,0.6133333333333334,6.9818181818181815,1.9965277777777777,5,0.05,0.45,800,18.000000000000004,0.0225,0.01,0.4,4.5,0.045,0.45,16.2,0.02025,-1.8000000000000043,-0.10000000000000021
IntegratedCo,Integrated Oil & Gas,0,-0.2,-0.05,9120.0,2188.8,-0.2704,0.0,456.0,404.48000000000025,0.5185641025641029,6.632727272727274,2.1016081871345027,5,0.05,0.45,800,18.000000000000004,0.0225,0.01,0.4,4.5,0.045,0.45,16.2,0.02025,-1.8000000000000043,-0.10000000000000021
IntegratedCo,Integrated Oil & Gas,0,-0.2,-0.1,8640.0,2073.6,-0.3088000000000001,0.0,432.0,330.55999999999995,0.4237948717948717,6.283636363636363,2.2183641975308643,5,0.05,0.45,800,18.000000000000004,0.0225,0.01,0.4,5.5,0.055,0.45,19.8,0.02475,1.7999999999999972,0.09999999999999983
IntegratedCo,Integrated Oil & Gas,0,-0.2,-0.15,8160.0,1958.4,-0.3471999999999999,0.0,408.0,256.6400000000001,0.3290256410256411,5.934545454545455,2.348856209150327,5,0.05,0.45,800,18.000000000000004,0.0225,0.01,0.4,5.5,0.055,0.45,19.8,0.02475,1.7999999999999972,0.09999999999999983
IntegratedCo,Integrated Oil & Gas,0,-0.25,0.0,9000.0,2160.0,-0.28,0.0,450.0,386.0,0.4948717948717949,6.545454545454546,2.1296296296296298,5,0.05,0.45,800,18.000000000000004,0.0225,0.01,0.4,5.5,0.055,0.45,19.8,0.02475,1.7999999999999972,0.09999999999999983
IntegratedCo,Integrated Oil & Gas,0,-0.25,-0.05,8550.0,2052.0,-0.3159999999999999,0.0,427.5,316.70000000000005,0.4060256410256411,6.218181818181818,2.2417153996101367,5,0.05,0.45,800,18.000000000000004,0.0225,0.01,0.4,5.5,0.055,0.45,19.8,0.02475,1.7999999999999972,0.09999999999999983
IntegratedCo,Integrated Oil & Gas,0,-0.25,-0.1,8100.0,1944.0,-0.352,0.0,405.0,247.4000000000001,0.3171794871794873,5.890909090909091,2.366255144032922,5,0.05,0.5,800,20.0,0.025,0.01,0.4,6.0,0.06,0.5,24.0,0.03,4.0,0.2
IntegratedCo,Integrated Oil & Gas,0,-0.25,-0.15,7650.0,1836.0,-0.388,0.0,382.5,178.0999999999999,0.2283333333333332,5.563636363636364,2.505446623093682,5,0.05,0.5,800,20.0,0.025,0.01,0.4,6.5,0.065,0.5,26.0,0.0325,6.0,0.3
IntegratedCo,Integrated Oil & Gas,50,0.0,0.0,12000.0,2826.0,-0.058,54.0,600.0,802.0999999999999,1.028333333333333,8.563636363636364,1.6277423920736025,2,0.02,0.4,800,6.4,0.008,0.01,0.4,2.0,0.02,0.4,6.4,0.008,0.0,0.0
IntegratedCo,Integrated Oil & Gas,50,0.0,-0.05,11400.0,2684.7,-0.1051,51.3,570.0,711.9949999999999,0.9128141025641024,8.135454545454545,1.7134130442880025,5,0.05,0.4,800,16.000000000000004,0.02,0.01,0.4,3.0,0.03,0.4,9.6,0.012,-6.400000000000004,-0.40000000000000013
IntegratedCo,Integrated Oil & Gas,50,0.0,-0.1,10800.0,2543.4,-0.1522,48.6,540.0,621.8900000000003,0.7972948717948722,7.707272727272728,1.808602657859558,5,0.05,0.4,800,16.000000000000004,0.02,0.01,0.4,3.0,0.03,0.4,9.6,0.012,-6.400000000000004,-0.40000000000000013
IntegratedCo,Integrated Oil & Gas,50,0.0,-0.15,10200.0,2402.1,-0.1993,45.9,510.0,531.7849999999999,0.6817756410256408,7.279090909090908,1.914991049498356,5,0.05,0.4,800,16.000000000000004,0.02,0.01,0.4,4.0,0.04,0.4,12.8,0.016,-3.200000000000003,-0.20000000000000012
IntegratedCo,Integrated Oil & Gas,50,-0.05,0.0,11400.0,2684.7,-0.1051,51.3,570.0,711.9949999999999,0.9128141025641024,8.135454545454545,1.7134130442880025,5,0.05,0.4,800,16.000000000000004,0.02,0.01,0.4,3.0,0.03,0.4,9.6,0.012,-6.400000000000004,-0.40000000000000013
IntegratedCo,Integrated Oil & Gas,50,-0.05,-0.05,10830.0,2550.465,-0.1498450000000001,48.735,541.5,626.3952499999996,0.8030708333333328,7.728681818181817,1.8035926781978973,5,0.05,0.4,800,16.000000000000004,0.02,0.01,0.4,3.0,0.03,0.4,9.6,0.012,-6.400000000000004,-0.40000000000000013
IntegratedCo,Integrated Oil & Gas,50,-0.05,-0.1,10260.0,2416.23,-0.19459,46.17,513.0,540.7955000000002,0.6933275641025644,7.321909090909091,1.9037922714311135,5,0.05,0.4,800,16.000000000000004,0.02,0.01,0.4,4.0,0.04,0.4,12.8,0.016,-3.200000000000003,-0.20000000000000012
IntegratedCo,Integrated Oil & Gas,50,-0.05,-0.15,9690.0,2281.995,-0.239335,43.605,484.5,455.1957499999999,0.5835842948717946,6.915136363636363,2.0157800521035325,5,0.05,0.45,800,18.000000000000004,0.0225,0.01,0.4,4.5,0.045,0.45,16.2,0.02025,-1.8000000000000043,-0.10000000000000021
IntegratedCo,Integrated Oil & Gas,50,-0.1,0.0,10800.0,2543.4,-0.1522,48.6,540.0,621.8900000000003,0.7972948717948722,7.707272727272728,1.808602657859558,5,0.05,0.4,800,16.000000000000004,0.02,0.01,0.4,3.0,0.03,0.4,9.6,0.012,-6.400000000000004,-0.40000000000000013
IntegratedCo,Integrated Oil & Gas,50,-0.1,-0.05,10260.0,2416.23,-0.19459,46.17,513.0,540.7955000000002,0.6933275641025644,7.321909090909091,1.9037922714311135,5,0.05,0.4,800,16.000000000000004,0.02,0.01,0.4,4.0,0.04,0.4,12.8,0.016,-3.200000000000003,-0.20000000000000012
IntegratedCo,Integrated Oil & Gas,50,-0.1,-0.1,9720.0,2289.0600000000004,-0.2369799999999998,43.74,486.0,459.7010000000005,0.589360256410257,6.936545454545456,2.009558508732842,5,0.05,0.45,800,18.000000000000004,0.0225,0.01,0.4,4.5,0.045,0.45,16.2,0.02025,-1.8000000000000043,-0.10000000000000021
IntegratedCo,Integrated Oil & Gas,50,-0.1,-0.15,9180.0,2161.89,-0.27937,41.31,459.0,378.6064999999999,0.4853929487179485,6.551181818181818,2.127767832775951,5,0.05,0.45,800,18.000000000000004,0.0225,0.01,0.4,5.5,0.055,0.45,19.8,0.02475,1.7999999999999972,0.09999999999999983
IntegratedCo,Integrated Oil & Gas,50,-0.15,0.0,10200.0,2402.1,-0.1993,45.9,510.0,531.7849999999999,0.6817756410256408,7.279090909090908,1.914991049498356,5,0.05,0.4,800,16.000000000000004,0.02,0.01,0.4,4.0,0.04,0.4,12.8,0.016,-3.200000000000003,-0.20000000000000012
IntegratedCo,Integrated Oil & Gas,50,-0.15,-0.05,9690.0,2281.995,-0.239335,43.605,484.5,455.1957499999999,0.5835842948717946,6.915136363636363,2.0157800521035325,5,0.05,0.45,800,18.000000000000004,0.0225,0.01,0.4,4.5,0.045,0.45,16.2,0.02025,-1.8000000000000043,-0.10000000000000021
IntegratedCo,Integrated Oil & Gas,50,-0.15,-0.1,9180.0,2161.89,-0.27937,41.31,459.0,378.6064999999999,0.4853929487179485,6.551181818181818,2.127767832775951,5,0.05,0.45,800,18.000000000000004,0.0225,0.01,0.4,5.5,0.055,0.45,19.8,0.02475,1.7999999999999972,0.09999999999999983
IntegratedCo,Integrated Oil & Gas,50,-0.15,-0.15,8670.0,2041.785,-0.3194049999999999,39.015,433.5,302.0172500000001,0.3872016025641027,6.187227272727273,2.2529306464686534,5,0.05,0.45,800,18.000000000000004,0.0225,0.01,0.4,5.5,0.055,0.45,19.8,0.02475,1.7999999999999972,0.09999999999999983
IntegratedCo,Integrated Oil & Gas,50,-0.2,0.0,9600.0,2260.8,-0.2463999999999999,43.2,480.0,441.6800000000003,0.5662564102564106,6.850909090909092,2.0346779900920025,5,0.05,0.45,800,18.000000000000004,0.0225,0.01,0.4,4.5,0.045,0.45,16.2,0.02025,-1.8000000000000043,-0.10000000000000021
IntegratedCo,Integrated Oil & Gas,50,-0.2,-0.05,9120.0,2147.76,-0.2840799999999999,41.04,456.0,369.5960000000002,0.4738410256410259,6.5083636363636375,2.1417663053600027,5,0.05,0.45,800,18.000000000000004,0.0225,0.01,0.4,5.5,0.055,0.45,19.8,0.02475,1.7999999999999972,0.09999999999999983
IntegratedCo,Integrated Oil & Gas,50,-0.2,-0.1,8640.0,2034.72,-0.32176,38.88,432.0,297.5119999999997,0.3814256410256406,6.165818181818182,2.260753322324448,5,0.05,0.45,800,18.000000000000004,0.0225,0.01,0.4,5.5,0.055,0.45,19.8,0.02475,1.7999999999999972,0.09999999999999983
IntegratedCo,Integrated Oil & Gas,50,-0.2,-0.15,8160.0,1921.68,-0.35944,36.72,408.0,225.4280000000001,0.2890102564102565,5.823272727272728,2.3937388118729443,5,0.05,0.5,800,20.0,0.025,0.01,0.4,6.0,0.06,0.5,24.0,0.03,4.0,0.2
IntegratedCo,Integrated Oil & Gas,50,-0.25,0.0,9000.0,2119.5,-0.2935,40.5,450.0,351.57500000000005,0.4507371794871795,6.422727272727273,2.17032318943147,5,0.05,0.45,800,18.000000000000004,0.0225,0.01,0.4,5.5,0.055,0.45,19.8,0.02475,1.7999999999999972,0.09999999999999983
IntegratedCo,Integrated Oil & Gas,50,-0.25,-0.05,8550.0,2013.525,-0.3288249999999999,38.475,427.5,283.99625000000015,0.3640977564102566,6.101590909090909,2.2845507257173363,5,0.05,0.45,800,18.000000000000004,0.0225,0.01,0.4,5.5,0.055,0.45,19.8,0.02475,1.7999999999999972,0.09999999999999983
IntegratedCo,Integrated Oil & Gas,50,-0.25,-0.1,8100.0,1907.55,-0.36415,36.45,405.0,216.4175,0.2774583333333333,5.780454545454545,2.411470210479411,5,0.05,0.5,800,20.0,0.025,0.01,0.4,6.0,0.06,0.5,24.0,0.03,4.0,0.2
IntegratedCo,Integrated Oil & Gas,50,-0.25,-0.15,7650.0,1801.575,-0.399475,34.425,382.5,148.83875000000012,0.1908189102564104,5.4593181818181815,2.553321399331141,5,0.05,0.5,800,20.0,0.025,0.01,0.4,6.5,0.065,0.5,26.0,0.0325,6.0,0.3
IntegratedCo,Integrated Oil & Gas,75,0.0,0.0,12000.0,2799.0,-0.0669999999999999,81.0,600.0,779.1500000000001,0.9989102564102564,8.481818181818182,1.6434440871739908,5,0.05,0.4,800,16.000000000000004,0.02,0.01,0.4,3.0,0.03,0.4,9.6,0.012,-6.400000000000004,-0.40000000000000013
IntegratedCo,Integrated Oil & Gas,75,0.0,-0.05,11400.0,2659.05,-0.1136499999999999,76.95,570.0,690.1925000000001,0.8848621794871796,8.057727272727274,1.7299411443936743,5,0.05,0.4,800,16.000000000000004,0.02,0.01,0.4,3.0,0.03,0.4,9.6,0.012,-6.400000000000004,-0.40000000000000013
IntegratedCo,Integrated Oil & Gas,75,0.0,-0.1,10800.0,2519.1,-0.1603,72.9,540.0,601.2350000000001,0.7708141025641028,7.633636363636364,1.8260489857488784,5,0.05,0.4,800,16.000000000000004,0.02,0.01,0.4,3.0,0.03,0.4,9.6,0.012,-6.400000000000004,-0.40000000000000013
IntegratedCo,Integrated Oil & Gas,75,0.0,-0.15,10200.0,2379.15,-0.2069499999999999,68.85,510.0,512.2775000000001,0.6567660256410258,7.209545454545455,1.9334636319694007,5,0.05,0.45,800,18.000000000000004,0.0225,0.01,0.4,4.5,0.045,0.45,16.2,0.02025,-1.8000000000000043,-0.10000000000000021
IntegratedCo,Integrated Oil & Gas,75,-0.05,0.0,11400.0,2659.05,-0.1136499999999999,76.95,570.0,690.1925000000001,0.8848621794871796,8.057727272727274,1.7299411443936743,5,0.05,0.4,800,16.000000000000004,0.02,0.01,0.4,3.0,0.03,0.4,9.6,0.012,-6.400000000000004,-0.40000000000000013
IntegratedCo,Integrated Oil & Gas,75,-0.05,-0.05,10830.0,2526.0975,-0.1579675,73.1025,541.5,605.682875,0.7765165064102564,7.654840909090908,1.8209906783091312,5,0.05,0.4,800,16.000000000000004,0.02,0.01,0.4,3.0,0.03,0.4,9.6,0.012,-6.400000000000004,-0.40000000000000013
IntegratedCo,Integrated Oil & Gas,75,-0.05,-0.1,10260.0,2393.145,-0.202285,69.255,513.0,521.17325,0.6681708333333334,7.251954545454545,1.9221568271040828,5,0.05,0.45,800,18.000000000000004,0.0225,0.01,0.4,4.5,0.045,0.45,16.2,0.02025,-1.8000000000000043,-0.10000000000000021
IntegratedCo,Integrated Oil & Gas,75,-0.05,-0.15,9690.0,2260.1925,-0.2466024999999999,65.4075,484.5,436.66362500000014,0.5598251602564104,6.849068181818182,2.035224875757264,5,0.05,0.45,800,18.000000000000004,0.0225,0.01,0.4,4.5,0.045,0.45,16.2,0.02025,-1.8000000000000043,-0.10000000000000021
IntegratedCo,Integrated Oil & Gas,75,-0.1,0.0,10800.0,2519.1,-0.1603,72.9,540.0,601.2350000000001,0.7708141025641028,7.633636363636364,1.8260489857488784,5,0.05,0.4,800,16.000000000000004,0.02,0.01,0.4,3.0,0.03,0.4,9.6,0.012,-6.400000000000004,-0.40000000000000013
IntegratedCo,Integrated Oil & Gas,75,-0.1,-0.05,10260.0,2393.145,-0.202285,69.255,513.0,521.17325,0.6681708333333334,7.251954545454545,1.9221568271040828,5,0.05,0.45,800,18.000000000000004,0.0225,0.01,0.4,4.5,0.045,0.45,16.2,0.02025,-1.8000000000000043,-0.10000000000000021
IntegratedCo,Integrated Oil & Gas,75,-0.1,-0.1,9720.0,2267.19,-0.24427,65.61,486.0,441.1115,0.5655275641025641,6.870272727272727,2.028943317498754,5,0.05,0.45,800,18.000000000000004,0.0225,0.01,0.4,4.5,0.045,0.45,16.2,0.02025,-1.8000000000000043,-0.10000000000000021
IntegratedCo,Integrated Oil & Gas,75,-0.1,-0.15,9180.0,2141.235,-0.2862550000000001,61.965,459.0,361.0497499999997,0.4628842948717944,6.488590909090908,2.1482929244104456,5,0.05,0.45,800,18.000000000000004,0.0225,0.01,0.4,5.5,0.055,0.45,19.8,0.02475,1.7999999999999972,0.09999999999999983
IntegratedCo,Integrated Oil & Gas,75,-0.15,0.0,10200.0,2379.15,-0.2069499999999999,68.85,510.0,512.2775000000001,0.6567660256410258,7.209545454545455,1.9334636319694007,5,0.05,0.45,800,18.000000000000004,0.0225,0.01,0.4,4.5,0.045,0.45,16.2,0.02025,-1.8000000000000043,-0.10000000000000021
IntegratedCo,Integrated Oil & Gas,75,-0.15,-0.05,9690.0,2260.1925,-0.2466024999999999,65.4075,484.5,436.66362500000014,0.5598251602564104,6.849068181818182,2.035224875757264,5,0.05,0.45,800,18.000000000000004,0.0225,0.01,0.4,4.5,0.045,0.45,16.2,0.02025,-1.8000000000000043,-0.10000000000000021
IntegratedCo,Integrated Oil & Gas,75,-0.15,-0.1,9180.0,2141.235,-0.2862550000000001,61.965,459.0,361.0497499999997,0.4628842948717944,6.488590909090908,2.1482929244104456,5,0.05,0.45,800,18.000000000000004,0.0225,0.01,0.4,5.5,0.055,0.45,19.8,0.02475,1.7999999999999972,0.09999999999999983
IntegratedCo,Integrated Oil & Gas,75,-0.15,-0.15,8670.0,2022.2775,-0.3259074999999999,58.5225,433.5,285.4358750000001,0.3659434294871796,6.128113636363636,2.274663096434589,5,0.05,0.45,800,18.000000000000004,0.0225,0.01,0.4,5.5,0.055,0.45,19.8,0.02475,1.7999999999999972,0.09999999999999983
IntegratedCo,Integrated Oil & Gas,75,-0.2,0.0,9600.0,2239.2,-0.2536,64.8,480.0,423.32,0.5427179487179487,6.785454545454545,2.0543051089674886,5,0.05,0.45,800,18.000000000000004,0.0225,0.01,0.4,4.5,0.045,0.45,16.2,0.02025,-1.8000000000000043,-0.10000000000000021
IntegratedCo,Integrated Oil & Gas,75,-0.2,-0.05,9120.0,2127.24,-0.2909199999999999,61.56,456.0,352.1540000000002,0.4514794871794875,6.4461818181818185,2.1624264304920926,5,0.05,0.45,800,18.000000000000004,0.0225,0.01,0.4,5.5,0.055,0.45,19.8,0.02475,1.7999999999999972,0.09999999999999983
IntegratedCo,Integrated Oil & Gas,75,-0.2,-0.1,8640.0,2015.28,-0.32824,58.32,432.0,280.98800000000006,0.3602410256410257,6.106909090909091,2.282561232186098,5,0.05,0.45,800,18.000000000000004,0.0225,0.01,0.4,5.5,0.055,0.45,19.8,0.02475,1.7999999999999972,0.09999999999999983
IntegratedCo,Integrated Oil & Gas,75,-0.2,-0.15,8160.0,1903.32,-0.36556,55.08,408.0,209.8220000000001,0.2690025641025642,5.767636363636364,2.4168295399617508,5,0.05,0.5,800,20.0,0.025,0.01,0.4,6.0,0.06,0.5,24.0,0.03,4.0,0.2
IntegratedCo,Integrated Oil & Gas,75,-0.25,0.0,9000.0,2099.25,-0.30025,60.75,450.0,334.36249999999995,0.4286698717948717,6.361363636363636,2.1912587828986543,5,0.05,0.45,800,18.000000000000004,0.0225,0.01,0.4,5.5,0.055,0.45,19.8,0.02475,1.7999999999999972,0.09999999999999983
IntegratedCo,Integrated Oil & Gas,75,-0.25,-0.05,8550.0,1994.2875,-0.3352375000000001,57.7125,427.5,267.64437499999985,0.3431338141025639,6.043295454545454,2.306588192524899,5,0.05,0.45,800,18.000000000000004,0.0225,0.01,0.4,5.5,0.055,0.45,19.8,0.02475,1.7999999999999972,0.09999999999999983
IntegratedCo,Integrated Oil & Gas,75,-0.25,-0.1,8100.0,1889.325,-0.370225,54.675,405.0,200.92625,0.2575977564102564,5.725227272727273,2.434731980998505,5,0.05,0.5,800,20.0,0.025,0.01,0.4,6.0,0.06,0.5,24.0,0.03,4.0,0.2
IntegratedCo,Integrated Oil & Gas,75,-0.25,-0.15,7650.0,1784.3625,-0.4052125,51.6375,382.5,134.2081250000001,0.1720616987179488,5.407159090909091,2.5779515092925345,5,0.05,0.5,800,20.0,0.025,0.01,0.4,6.5,0.065,0.5,26.0,0.0325,6.0,0.3
IntegratedCo,Integrated Oil & Gas,100,0.0,0.0,12000.0,2772.0,-0.0759999999999999,108.0,600.0,756.1999999999998,0.9694871794871792,8.4,1.6594516594516595,5,0.05,0.4,800,16.000000000000004,0.02,0.01,0.4,3.0,0.03,0.4,9.6,0.012,-6.400000000000004,-0.40000000000000013
IntegratedCo,Integrated Oil & Gas,100,0.0,-0.05,11400.0,2633.4,-0.1221999999999999,102.6,570.0,668.3900000000003,0.8569102564102569,7.98,1.746791220475431,5,0.05,0.4,800,16.000000000000004,0.02,0.01,0.4,3.0,0.03,0.4,9.6,0.012,-6.400000000000004,-0.40000000000000013
IntegratedCo,Integrated Oil & Gas,100,0.0,-0.1,10800.0,2494.8,-0.1684,97.2,540.0,580.5799999999999,0.7443333333333333,7.56,1.8438351771685104,5,0.05,0.4,800,16.000000000000004,0.02,0.01,0.4,4.0,0.04,0.4,12.8,0.016,-3.200000000000003,-0.20000000000000012
IntegratedCo,Integrated Oil & Gas,100,0.0,-0.15,10200.0,2356.2,-0.2146,91.8,510.0,492.77,0.6317564102564103,7.14,1.9522960699431289,5,0.05,0.45,800,18.000000000000004,0.0225,0.01,0.4,4.5,0.045,0.45,16.2,0.02025,-1.8000000000000043,-0.10000000000000021
IntegratedCo,Integrated Oil & Gas,100,-0.05,0.0,11400.0,2633.4,-0.1221999999999999,102.6,570.0,668.3900000000003,0.8569102564102569,7.98,1.746791220475431,5,0.05,0.4,800,16.000000000000004,0.02,0.01,0.4,3.0,0.03,0.4,9.6,0.012,-6.400000000000004,-0.40000000000000013
IntegratedCo,Integrated Oil & Gas,100,-0.05,-0.05,10830.0,2501.73,-0.1660899999999999,97.47,541.5,584.9704999999999,0.7499621794871794,7.581,1.8387276005004536,5,0.05,0.4,800,16.000000000000004,0.02,0.01,0.4,4.0,0.04,0.4,12.8,0.016,-3.200000000000003,-0.20000000000000012
IntegratedCo,Integrated Oil & Gas,100,-0.05,-0.1,10260.0,2370.06,-0.20998,92.34,513.0,501.55099999999993,0.6430141025641025,7.182,1.94087913386159,5,0.05,0.45,800,18.000000000000004,0.0225,0.01,0.4,4.5,0.045,0.45,16.2,0.02025,-1.8000000000000043,-0.10000000000000021
IntegratedCo,Integrated Oil & Gas,100,-0.05,-0.15,9690.0,2238.39,-0.25387,87.21,484.5,418.1315,0.5360660256410256,6.783,2.055048494676978,5,0.05,0.45,800,18.000000000000004,0.0225,0.01,0.4,4.5,0.045,0.45,16.2,0.02025,-1.8000000000000043,-0.10000000000000021
IntegratedCo,Integrated Oil & Gas,100,-0.1,0.0,10800.0,2494.8,-0.1684,97.2,540.0,580.5799999999999,0.7443333333333333,7.56,1.8438351771685104,5,0.05,0.4,800,16.000000000000004,0.02,0.01,0.4,4.0,0.04,0.4,12.8,0.016,-3.200000000000003,-0.20000000000000012
IntegratedCo,Integrated Oil & Gas,100,-0.1,-0.05,10260.0,2370.06,-0.20998,92.34,513.0,501.55099999999993,0.6430141025641025,7.182,1.94087913386159,5,0.05,0.45,800,18.000000000000004,0.0225,0.01,0.4,4.5,0.045,0.45,16.2,0.02025,-1.8000000000000043,-0.10000000000000021
IntegratedCo,Integrated Oil & Gas,100,-0.1,-0.1,9720.0,2245.32,-0.2515599999999999,87.48,486.0,422.52200000000016,0.541694871794872,6.804,2.048705752409456,5,0.05,0.45,800,18.000000000000004,0.0225,0.01,0.4,4.5,0.045,0.45,16.2,0.02025,-1.8000000000000043,-0.10000000000000021
IntegratedCo,Integrated Oil & Gas,100,-0.1,-0.15,9180.0,2120.58,-0.29314,82.62,459.0,343.49299999999994,0.440375641025641,6.426,2.1692178554923656,5,0.05,0.45,800,18.000000000000004,0.0225,0.01,0.4,5.5,0.055,0.45,19.8,0.02475,1.7999999999999972,0.09999999999999983
IntegratedCo,Integrated Oil & Gas,100,-0.15,0.0,10200.0,2356.2,-0.2146,91.8,510.0,492.77,0.6317564102564103,7.14,1.9522960699431289,5,0.05,0.45,800,18.000000000000004,0.0225,0.01,0.4,4.5,0.045,0.45,16.2,0.02025,-1.8000000000000043,-0.10000000000000021
IntegratedCo,Integrated Oil & Gas,100,-0.15,-0.05,9690.0,2238.39,-0.25387,87.21,484.5,418.1315,0.5360660256410256,6.783,2.055048494676978,5,0.05,0.45,800,18.000000000000004,0.0225,0.01,0.4,4.5,0.045,0.45,16.2,0.02025,-1.8000000000000043,-0.10000000000000021
IntegratedCo,Integrated Oil & Gas,100,-0.15,-0.1,9180.0,2120.58,-0.29314,82.62,459.0,343.49299999999994,0.440375641025641,6.426,2.1692178554923656,5,0.05,0.45,800,18.000000000000004,0.0225,0.01,0.4,5.5,0.055,0.45,19.8,0.02475,1.7999999999999972,0.09999999999999983
IntegratedCo,Integrated Oil & Gas,100,-0.15,-0.15,8670.0,2002.77,-0.33241,78.03,433.5,268.85450000000014,0.3446852564102566,6.069000000000001,2.2968189058154453,5,0.05,0.45,800,18.000000000000004,0.0225,0.01,0.4,5.5,0.055,0.45,19.8,0.02475,1.7999999999999972,0.09999999999999983
IntegratedCo,Integrated Oil & Gas,100,-0.2,0.0,9600.0,2217.6,-0.2608,86.4,480.0,404.96,0.5191794871794873,6.72,2.0743145743145743,5,0.05,0.45,800,18.000000000000004,0.0225,0.01,0.4,4.5,0.045,0.45,16.2,0.02025,-1.8000000000000043,-0.10000000000000021
IntegratedCo,Integrated Oil & Gas,100,-0.2,-0.05,9120.0,2106.7200000000003,-0.2977599999999999,82.08,456.0,334.7120000000002,0.429117948717949,6.384,2.1834890255942887,5,0.05,0.45,800,18.000000000000004,0.0225,0.01,0.4,5.5,0.055,0.45,19.8,0.02475,1.7999999999999972,0.09999999999999983
IntegratedCo,Integrated Oil & Gas,100,-0.2,-0.1,8640.0,1995.84,-0.33472,77.76,432.0,264.46399999999994,0.3390564102564102,6.048,2.3047939714606382,5,0.05,0.45,800,18.000000000000004,0.0225,0.01,0.4,5.5,0.055,0.45,19.8,0.02475,1.7999999999999972,0.09999999999999983
IntegratedCo,Integrated Oil & Gas,100,-0.2,-0.15,8160.0,1884.96,-0.37168,73.44,408.0,194.2160000000001,0.2489948717948719,5.712,2.440370087428911,5,0.05,0.5,800,20.0,0.025,0.01,0.4,6.0,0.06,0.5,24.0,0.03,4.0,0.2
IntegratedCo,Integrated Oil & Gas,100,-0.25,0.0,9000.0,2079.0,-0.307,81.0,450.0,317.1500000000001,0.4066025641025642,6.3,2.2126022126022127,5,0.05,0.45,800,18.000000000000004,0.0225,0.01,0.4,5.5,0.055,0.45,19.8,0.02475,1.7999999999999972,0.09999999999999983
IntegratedCo,Integrated Oil & Gas,100,-0.25,-0.05,8550.0,1975.05,-0.34165,76.95,427.5,251.2925,0.3221698717948718,5.984999999999999,2.329054960633908,5,0.05,0.45,800,18.000000000000004,0.0225,0.01,0.4,5.5,0.055,0.45,19.8,0.02475,1.7999999999999972,0.09999999999999983
IntegratedCo,Integrated Oil & Gas,100,-0.25,-0.1,8100.0,1871.1,-0.3763000000000001,72.9,405.0,185.43499999999997,0.2377371794871794,5.67,2.458446902891348,5,0.05,0.5,800,20.0,0.025,0.01,0.4,6.0,0.06,0.5,24.0,0.03,4.0,0.2
IntegratedCo,Integrated Oil & Gas,100,-0.25,-0.15,7650.0,1767.15,-0.4109499999999999,68.85,382.5,119.5775000000001,0.1533044871794873,5.355,2.603061426590838,5,0.05,0.5,800,20.0,0.025,0.01,0.4,6.5,0.065,0.5,26.0,0.0325,6.0,0.3
IntegratedCo,Integrated Oil & Gas,150,0.0,0.0,12000.0,2718.0,-0.0939999999999999,162.0,600.0,710.3000000000002,0.910641025641026,8.236363636363636,1.692420897718911,5,0.05,0.4,800,16.000000000000004,0.02,0.01,0.4,3.0,0.03,0.4,9.6,0.012,-6.400000000000004,-0.40000000000000013
IntegratedCo,Integrated Oil & Gas,150,0.0,-0.05,11400.0,2582.1,-0.1392999999999999,153.9,570.0,624.7849999999999,0.8010064102564101,7.824545454545454,1.78149568180938,5,0.05,0.4,800,16.000000000000004,0.02,0.01,0.4,3.0,0.03,0.4,9.6,0.012,-6.400000000000004,-0.40000000000000013
IntegratedCo,Integrated Oil & Gas,150,0.0,-0.1,10800.0,2446.2,-0.1846000000000001,145.8,540.0,539.27,0.6913717948717949,7.412727272727272,1.8804676641321236,5,0.05,0.4,800,16.000000000000004,0.02,0.01,0.4,4.0,0.04,0.4,12.8,0.016,-3.200000000000003,-0.20000000000000012
IntegratedCo,Integrated Oil & Gas,150,0.0,-0.15,10200.0,2310.3,-0.2299,137.7,510.0,453.7550000000001,0.5817371794871796,7.000909090909092,1.991083409081072,5,0.05,0.45,800,18.000000000000004,0.0225,0.01,0.4,4.5,0.045,0.45,16.2,0.02025,-1.8000000000000043,-0.10000000000000021
IntegratedCo,Integrated Oil & Gas,150,-0.05,0.0,11400.0,2582.1,-0.1392999999999999,153.9,570.0,624.7849999999999,0.8010064102564101,7.824545454545454,1.78149568180938,5,0.05,0.4,800,16.000000000000004,0.02,0.01,0.4,3.0,0.03,0.4,9.6,0.012,-6.400000000000004,-0.40000000000000013
IntegratedCo,Integrated Oil & Gas,150,-0.05,-0.05,10830.0,2452.995,-0.182335,146.205,541.5,543.5457499999998,0.6968535256410253,7.433318181818182,1.8752586124309265,5,0.05,0.4,800,16.000000000000004,0.02,0.01,0.4,4.0,0.04,0.4,12.8,0.016,-3.200000000000003,-0.20000000000000012
IntegratedCo,Integrated Oil & Gas,150,-0.05,-0.1,10260.0,2323.8900000000003,-0.2253699999999998,138.51,513.0,462.3065000000004,0.5927006410256415,7.04209090909091,1.9794396464548665,5,0.05,0.45,800,18.000000000000004,0.0225,0.01,0.4,4.5,0.045,0.45,16.2,0.02025,-1.8000000000000043,-0.10000000000000021
IntegratedCo,Integrated Oil & Gas,150,-0.05,-0.15,9690.0,2194.785,-0.268405,130.815,484.5,381.06724999999983,0.4885477564102562,6.650863636363636,2.0958772727169177,5,0.05,0.45,800,18.000000000000004,0.0225,0.01,0.4,5.5,0.055,0.45,19.8,0.02475,1.7999999999999972,0.09999999999999983
IntegratedCo,Integrated Oil & Gas,150,-0.1,0.0,10800.0,2446.2,-0.1846000000000001,145.8,540.0,539.27,0.6913717948717949,7.412727272727272,1.8804676641321236,5,0.05,0.4,800,16.000000000000004,0.02,0.01,0.4,4.0,0.04,0.4,12.8,0.016,-3.200000000000003,-0.20000000000000012
IntegratedCo,Integrated Oil & Gas,150,-0.1,-0.05,10260.0,2323.8900000000003,-0.2253699999999998,138.51,513.0,462.3065000000004,0.5927006410256415,7.04209090909091,1.9794396464548665,5,0.05,0.45,800,18.000000000000004,0.0225,0.01,0.4,4.5,0.045,0.45,16.2,0.02025,-1.8000000000000043,-0.10000000000000021
IntegratedCo,Integrated Oil & Gas,150,-0.1,-0.1,9720.0,2201.5800000000004,-0.2661399999999998,131.22,486.0,385.3430000000003,0.4940294871794876,6.671454545454546,2.0894085157023587,5,0.05,0.45,800,18.000000000000004,0.0225,0.01,0.4,5.5,0.055,0.45,19.8,0.02475,1.7999999999999972,0.09999999999999983
IntegratedCo,Integrated Oil & Gas,150,-0.1,-0.15,9180.0,2079.27,-0.30691,123.93,459.0,308.3795,0.3953583333333333,6.300818181818181,2.2123148989789687,5,0.05,0.45,800,18.000000000000004,0.0225,0.01,0.4,5.5,0.055,0.45,19.8,0.02475,1.7999999999999972,0.09999999999999983
IntegratedCo,Integrated Oil & Gas,150,-0.15,0.0,10200.0,2310.3,-0.2299,137.7,510.0,453.7550000000001,0.5817371794871796,7.000909090909092,1.991083409081072,5,0.05,0.45,800,18.000000000000004,0.0225,0.01,0.4,4.5,0.045,0.45,16.2,0.02025,-1.8000000000000043,-0.10000000000000021
IntegratedCo,Integrated Oil & Gas,150,-0.15,-0.05,9690.0,2194.785,-0.268405,130.815,484.5,381.06724999999983,0.4885477564102562,6.650863636363636,2.0958772727169177,5,0.05,0.45,800,18.000000000000004,0.0225,0.01,0.4,5.5,0.055,0.45,19.8,0.02475,1.7999999999999972,0.09999999999999983
IntegratedCo,Integrated Oil & Gas,150,-0.15,-0.1,9180.0,2079.27,-0.30691,123.93,459.0,308.3795,0.3953583333333333,6.300818181818181,2.2123148989789687,5,0.05,0.45,800,18.000000000000004,0.0225,0.01,0.4,5.5,0.055,0.45,19.8,0.02475,1.7999999999999972,0.09999999999999983
IntegratedCo,Integrated Oil & Gas,150,-0.15,-0.15,8670.0,1963.755,-0.3454149999999999,117.045,433.5,235.69175000000016,0.3021689102564105,5.950772727272728,2.342451069507143,5,0.05,0.45,800,18.000000000000004,0.0225,0.01,0.4,5.5,0.055,0.45,19.8,0.02475,1.7999999999999972,0.09999999999999983
IntegratedCo,Integrated Oil & Gas,150,-0.2,0.0,9600.0,2174.4,-0.2752,129.6,480.0,368.24,0.4721025641025641,6.58909090909091,2.1155261221486388,5,0.05,0.45,800,18.000000000000004,0.0225,0.01,0.4,5.5,0.055,0.45,19.8,0.02475,1.7999999999999972,0.09999999999999983
IntegratedCo,Integrated Oil & Gas,150,-0.2,-0.05,9120.0,2065.6800000000003,-0.3114399999999999,123.12,456.0,299.8280000000002,0.384394871794872,6.259636363636364,2.2268696022617247,5,0.05,0.45,800,18.000000000000004,0.0225,0.01,0.4,5.5,0.055,0.45,19.8,0.02475,1.7999999999999972,0.09999999999999983
IntegratedCo,Integrated Oil & Gas,150,-0.2,-0.1,8640.0,1956.96,-0.3476800000000001,116.64,432.0,231.4159999999997,0.2966871794871791,5.9301818181818176,2.350584580165154,5,0.05,0.45,800,18.000000000000004,0.0225,0.01,0.4,5.5,0.055,0.45,19.8,0.02475,1.7999999999999972,0.09999999999999983
IntegratedCo,Integrated Oil & Gas,150,-0.2,-0.15,8160.0,1848.24,-0.38392,110.16,408.0,163.0039999999999,0.208979487179487,5.600727272727273,2.48885426135134,5,0.05,0.5,800,20.0,0.025,0.01,0.4,6.0,0.06,0.5,24.0,0.03,4.0,0.2
IntegratedCo,Integrated Oil & Gas,150,-0.25,0.0,9000.0,2038.5,-0.3205,121.5,450.0,282.7249999999999,0.3624679487179486,6.177272727272728,2.256561196958548,5,0.05,0.45,800,18.000000000000004,0.0225,0.01,0.4,5.5,0.055,0.45,19.8,0.02475,1.7999999999999972,0.09999999999999983
IntegratedCo,Integrated Oil & Gas,150,-0.25,-0.05,8550.0,1936.575,-0.354475,115.425,427.5,218.5887500000001,0.2802419871794873,5.868409090909091,2.37532757574584,5,0.05,0.5,800,20.0,0.025,0.01,0.4,6.0,0.06,0.5,24.0,0.03,4.0,0.2
IntegratedCo,Integrated Oil & Gas,150,-0.25,-0.1,8100.0,1834.65,-0.3884499999999999,109.35,405.0,154.4525000000001,0.1980160256410257,5.559545454545455,2.5072902188428308,5,0.05,0.5,800,20.0,0.025,0.01,0.4,6.5,0.065,0.5,26.0,0.0325,6.0,0.3
IntegratedCo,Integrated Oil & Gas,150,-0.25,-0.15,7650.0,1732.725,-0.422425,103.275,382.5,90.31624999999984,0.1157900641025639,5.250681818181818,2.6547778787747625,5,0.05,0.5,800,20.0,0.025,0.01,0.4,6.5,0.065,0.5,26.0,0.0325,6.0,0.3
IntegratedCo,Integrated Oil & Gas,200,0.0,0.0,12000.0,2664.0,-0.1119999999999999,216.0,600.0,664.4000000000001,0.8517948717948719,8.072727272727272,1.7267267267267268,5,0.05,0.4,800,16.000000000000004,0.02,0.01,0.4,3.0,0.03,0.4,9.6,0.012,-6.400000000000004,-0.40000000000000013
IntegratedCo,Integrated Oil & Gas,200,0.0,-0.05,11400.0,2530.8,-0.1563999999999999,205.2,570.0,581.1800000000003,0.7451025641025645,7.66909090909091,1.8176070807649756,5,0.05,0.4,800,16.000000000000004,0.02,0.01,0.4,4.0,0.04,0.4,12.8,0.016,-3.200000000000003,-0.20000000000000012
IntegratedCo,Integrated Oil & Gas,200,0.0,-0.1,10800.0,2397.6,-0.2007999999999999,194.4,540.0,497.96,0.6384102564102565,7.265454545454546,1.9185852519185853,5,0.05,0.45,800,18.000000000000004,0.0225,0.01,0.4,4.5,0.045,0.45,16.2,0.02025,-1.8000000000000043,-0.10000000000000021
IntegratedCo,Integrated Oil & Gas,200,0.0,-0.15,10200.0,2264.4,-0.2451999999999999,183.6,510.0,414.74,0.5317179487179488,6.861818181818182,2.0314432079137963,5,0.05,0.45,800,18.000000000000004,0.0225,0.01,0.4,4.5,0.045,0.45,16.2,0.02025,-1.8000000000000043,-0.10000000000000021
IntegratedCo,Integrated Oil & Gas,200,-0.05,0.0,11400.0,2530.8,-0.1563999999999999,205.2,570.0,581.1800000000003,0.7451025641025645,7.66909090909091,1.8176070807649756,5,0.05,0.4,800,16.000000000000004,0.02,0.01,0.4,4.0,0.04,0.4,12.8,0.016,-3.200000000000003,-0.20000000000000012
IntegratedCo,Integrated Oil & Gas,200,-0.05,-0.05,10830.0,2404.26,-0.1985800000000001,194.94,541.5,502.1209999999999,0.6437448717948716,7.285636363636363,1.9132706113315532,5,0.05,0.4,800,16.000000000000004,0.02,0.01,0.4,4.0,0.04,0.4,12.8,0.016,-3.200000000000003,-0.20000000000000012
IntegratedCo,Integrated Oil & Gas,200,-0.05,-0.1,10260.0,2277.7200000000003,-0.2407599999999998,184.68,513.0,423.0620000000004,0.54238717948718,6.902181818181819,2.019563423072195,5,0.05,0.45,800,18.000000000000004,0.0225,0.01,0.4,4.5,0.045,0.45,16.2,0.02025,-1.8000000000000043,-0.10000000000000021
IntegratedCo,Integrated Oil & Gas,200,-0.05,-0.15,9690.0,2151.18,-0.2829400000000001,174.42,484.5,344.003,0.4410294871794871,6.518727272727272,2.1383612714882068,5,0.05,0.45,800,18.000000000000004,0.0225,0.01,0.4,5.5,0.055,0.45,19.8,0.02475,1.7999999999999972,0.09999999999999983
IntegratedCo,Integrated Oil & Gas,200,-0.1,0.0,10800.0,2397.6,-0.2007999999999999,194.4,540.0,497.96,0.6384102564102565,7.265454545454546,1.9185852519185853,5,0.05,0.45,800,18.000000000000004,0.0225,0.01,0.4,4.5,0.045,0.45,16.2,0.02025,-1.8000000000000043,-0.10000000000000021
IntegratedCo,Integrated Oil & Gas,200,-0.1,-0.05,10260.0,2277.7200000000003,-0.2407599999999998,184.68,513.0,423.0620000000004,0.54238717948718,6.902181818181819,2.019563423072195,5,0.05,0.45,800,18.000000000000004,0.0225,0.01,0.4,4.5,0.045,0.45,16.2,0.02025,-1.8000000000000043,-0.10000000000000021
IntegratedCo,Integrated Oil & Gas,200,-0.1,-0.1,9720.0,2157.84,-0.2807199999999999,174.96,486.0,348.1640000000002,0.4463641025641028,6.538909090909091,2.13176139102065,5,0.05,0.45,800,18.000000000000004,0.0225,0.01,0.4,5.5,0.055,0.45,19.8,0.02475,1.7999999999999972,0.09999999999999983
IntegratedCo,Integrated Oil & Gas,200,-0.1,-0.15,9180.0,2037.96,-0.3206800000000001,165.24,459.0,273.26599999999985,0.3503410256410254,6.175636363636363,2.2571591199042182,5,0.05,0.45,800,18.000000000000004,0.0225,0.01,0.4,5.5,0.055,0.45,19.8,0.02475,1.7999999999999972,0.09999999999999983
IntegratedCo,Integrated Oil & Gas,200,-0.15,0.0,10200.0,2264.4,-0.2451999999999999,183.6,510.0,414.74,0.5317179487179488,6.861818181818182,2.0314432079137963,5,0.05,0.45,800,18.000000000000004,0.0225,0.01,0.4,4.5,0.045,0.45,16.2,0.02025,-1.8000000000000043,-0.10000000000000021
IntegratedCo,Integrated Oil & Gas,200,-0.15,-0.05,9690.0,2151.18,-0.2829400000000001,174.42,484.5,344.003,0.4410294871794871,6.518727272727272,2.1383612714882068,5,0.05,0.45,800,18.000000000000004,0.0225,0.01,0.4,5.5,0.055,0.45,19.8,0.02475,1.7999999999999972,0.09999999999999983
IntegratedCo,Integrated Oil & Gas,200,-0.15,-0.1,9180.0,2037.96,-0.3206800000000001,165.24,459.0,273.26599999999985,0.3503410256410254,6.175636363636363,2.2571591199042182,5,0.05,0.45,800,18.000000000000004,0.0225,0.01,0.4,5.5,0.055,0.45,19.8,0.02475,1.7999999999999972,0.09999999999999983
IntegratedCo,Integrated Oil & Gas,200,-0.15,-0.15,8670.0,1924.74,-0.3584199999999999,156.06,433.5,202.52900000000025,0.2596525641025644,5.832545454545455,2.3899331857809365,5,0.05,0.5,800,20.0,0.025,0.01,0.4,6.0,0.06,0.5,24.0,0.03,4.0,0.2
IntegratedCo,Integrated Oil & Gas,200,-0.2,0.0,9600.0,2131.2,-0.2896000000000001,172.8,480.0,331.52,0.425025641025641,6.458181818181818,2.1584084084084085,5,0.05,0.45,800,18.000000000000004,0.0225,0.01,0.4,5.5,0.055,0.45,19.8,0.02475,1.7999999999999972,0.09999999999999983
IntegratedCo,Integrated Oil & Gas,200,-0.2,-0.05,9120.0,2024.64,-0.3251199999999999,164.16,456.0,264.944,0.3396717948717948,6.135272727272728,2.2720088509562197,5,0.05,0.45,800,18.000000000000004,0.0225,0.01,0.4,5.5,0.055,0.45,19.8,0.02475,1.7999999999999972,0.09999999999999983
IntegratedCo,Integrated Oil & Gas,200,-0.2,-0.1,8640.0,1918.08,-0.36064,155.52,432.0,198.36799999999997,0.2543179487179486,5.812363636363636,2.398231564898232,5,0.05,0.5,800,20.0,0.025,0.01,0.4,6.0,0.06,0.5,24.0,0.03,4.0,0.2
IntegratedCo,Integrated Oil & Gas,200,-0.2,-0.15,8160.0,1811.52,-0.3961599999999999,146.88,408.0,131.79199999999992,0.1689641025641024,5.489454545454546,2.5393040098922453,5,0.05,0.5,800,20.0,0.025,0.01,0.4,6.5,0.065,0.5,26.0,0.0325,6.0,0.3
IntegratedCo,Integrated Oil & Gas,200,-0.25,0.0,9000.0,1998.0,-0.3339999999999999,162.0,450.0,248.29999999999995,0.3183333333333333,6.054545454545455,2.3023023023023024,5,0.05,0.45,800,18.000000000000004,0.0225,0.01,0.4,5.5,0.055,0.45,19.8,0.02475,1.7999999999999972,0.09999999999999983
IntegratedCo,Integrated Oil & Gas,200,-0.25,-0.05,8550.0,1898.1,-0.3673,153.9,427.5,185.885,0.2383141025641025,5.751818181818182,2.4234761076866342,5,0.05,0.5,800,20.0,0.025,0.01,0.4,6.0,0.06,0.5,24.0,0.03,4.0,0.2
IntegratedCo,Integrated Oil & Gas,200,-0.25,-0.1,8100.0,1798.2,-0.4005999999999999,145.8,405.0,123.47000000000004,0.1582948717948718,5.449090909090909,2.55811366922478,5,0.05,0.5,800,20.0,0.025,0.01,0.4,6.5,0.065,0.5,26.0,0.0325,6.0,0.3
IntegratedCo,Integrated Oil & Gas,200,-0.25,-0.15,7650.0,1698.3,-0.4339,137.7,382.5,61.055000000000064,0.0782756410256411,5.1463636363636365,2.7085909438850617,5,0.05,0.5,800,20.0,0.025,0.01,0.4,6.5,0.065,0.5,26.0,0.0325,6.0,0.3
ServicesCo,Oilfield Services,0,0.0,0.0,3500.0,665.0,-0.05,0.0,175.0,170.25,0.53203125,4.75,2.330827067669173,1,0.025,0.5,300,3.75,0.0125,0.025,0.5,4.0,0.1,0.5,15.0,0.05,11.25,3.0
ServicesCo,Oilfield Services,0,0.0,-0.05,3325.0,631.75,-0.0975,0.0,166.25,150.73749999999995,0.4710546874999998,4.5125,2.453502176493866,5,0.125,0.5,300,18.75,0.0625,0.025,0.5,5.0,0.125,0.5,18.75,0.0625,0.0,0.0
ServicesCo,Oilfield Services,0,0.0,-0.1,3150.0,598.5,-0.145,0.0,157.5,131.22500000000002,0.410078125,4.275,2.589807852965748,5,0.125,0.5,300,18.75,0.0625,0.025,0.5,5.5,0.1375,0.5,20.625,0.06875,1.875,0.1
ServicesCo,Oilfield Services,0,0.0,-0.15,2975.0,565.25,-0.1925,0.0,148.75,111.71249999999998,0.3491015624999999,4.0375,2.7421494913754976,5,0.125,0.5,300,18.75,0.0625,0.025,0.5,5.5,0.1375,0.5,20.625,0.06875,1.875,0.1
ServicesCo,Oilfield Services,0,-0.05,0.0,3325.0,631.75,-0.0975,0.0,166.25,150.73749999999995,0.4710546874999998,4.5125,2.453502176493866,5,0.125,0.5,300,18.75,0.0625,0.025,0.5,5.0,0.125,0.5,18.75,0.0625,0.0,0.0
ServicesCo,Oilfield Services,0,-0.05,-0.05,3158.75,600.1625,-0.142625,0.0,157.9375,132.200625,0.413126953125,4.286875,2.5826338699935434,5,0.125,0.5,300,18.75,0.0625,0.025,0.5,5.5,0.1375,0.5,20.625,0.06875,1.875,0.1
ServicesCo,Oilfield Services,0,-0.05,-0.1,2992.5,568.575,-0.1877499999999999,0.0,149.625,113.66375000000004,0.3551992187500001,4.06125,2.726113529437629,5,0.125,0.5,300,18.75,0.0625,0.025,0.5,5.5,0.1375,0.5,20.625,0.06875,1.875,0.1
ServicesCo,Oilfield Services,0,-0.05,-0.15,2826.25,536.9875,-0.232875,0.0,141.3125,95.12687499999998,0.2972714843749999,3.835625,2.8864731488163136,5,0.125,0.55,300,20.625,0.06875,0.025,0.5,6.0,0.15000000000000002,0.55,24.750000000000007,0.08250000000000002,4.125000000000007,0.20000000000000034
ServicesCo,Oilfield Services,0,-0.1,0.0,3150.0,598.5,-0.145,0.0,157.5,131.22500000000002,0.410078125,4.275,2.589807852965748,5,0.125,0.5,300,18.75,0.0625,0.025,0.5,5.5,0.1375,0.5,20.625,0.06875,1.875,0.1
ServicesCo,Oilfield Services,0,-0.1,-0.05,2992.5,568.575,-0.1877499999999999,0.0,149.625,113.66375000000004,0.3551992187500001,4.06125,2.726113529437629,5,0.125,0.5,300,18.75,0.0625,0.025,0.5,5.5,0.1375,0.5,20.625,0.06875,1.875,0.1
ServicesCo,Oilfield Services,0,-0.1,-0.1,2835.0,538.65,-0.2305,0.0,141.75,96.10249999999996,0.3003203124999999,3.8475,2.8775642810730533,5,0.125,0.55,300,20.625,0.06875,0.025,0.5,6.0,0.15000000000000002,0.55,24.750000000000007,0.08250000000000002,4.125000000000007,0.20000000000000034
ServicesCo,Oilfield Services,0,-0.1,-0.15,2677.5,508.725,-0.27325,0.0,133.875,78.54124999999999,0.2454414062499999,3.63375,3.046832768194997,5,0.125,0.55,300,20.625,0.06875,0.025,0.5,6.5,0.1625,0.55,26.812500000000004,0.08937500000000001,6.1875000000000036,0.30000000000000016
ServicesCo,Oilfield Services,0,-0.15,0.0,2975.0,565.25,-0.1925,0.0,148.75,111.71249999999998,0.3491015624999999,4.0375,2.7421494913754976,5,0.125,0.5,300,18.75,0.0625,0.025,0.5,5.5,0.1375,0.5,20.625,0.06875,1.875,0.1
ServicesCo,Oilfield Services,0,-0.15,-0.05,2826.25,536.9875,-0.232875,0.0,141.3125,95.12687499999998,0.2972714843749999,3.835625,2.8864731488163136,5,0.125,0.55,300,20.625,0.06875,0.025,0.5,6.0,0.15000000000000002,0.55,24.750000000000007,0.08250000000000002,4.125000000000007,0.20000000000000034
ServicesCo,Oilfield Services,0,-0.15,-0.1,2677.5,508.725,-0.27325,0.0,133.875,78.54124999999999,0.2454414062499999,3.63375,3.046832768194997,5,0.125,0.55,300,20.625,0.06875,0.025,0.5,6.5,0.1625,0.55,26.812500000000004,0.08937500000000001,6.1875000000000036,0.30000000000000016
ServicesCo,Oilfield Services,0,-0.15,-0.15,2528.75,480.4625,-0.313625,0.0,126.4375,61.955625,0.1936113281249999,3.431875,3.226058225147644,5,0.125,0.55,300,20.625,0.06875,0.025,0.5,6.5,0.1625,0.55,26.812500000000004,0.08937500000000001,6.1875000000000036,0.30000000000000016
ServicesCo,Oilfield Services,0,-0.2,0.0,2800.0,532.0,-0.24,0.0,140.0,92.2,0.2881249999999999,3.8,2.9135338345864663,5,0.125,0.55,300,20.625,0.06875,0.025,0.5,6.0,0.15000000000000002,0.55,24.750000000000007,0.08250000000000002,4.125000000000007,0.20000000000000034
ServicesCo,Oilfield Services,0,-0.2,-0.05,2660.0,505.4,-0.278,0.0,133.0,76.58999999999997,0.2393437499999999,3.61,3.0668777206173328,5,0.125,0.55,300,20.625,0.06875,0.025,0.5,6.5,0.1625,0.55,26.812500000000004,0.08937500000000001,6.1875000000000036,0.30000000000000016
ServicesCo,Oilfield Services,0,-0.2,-0.1,2520.0,478.8,-0.3159999999999999,0.0,126.0,60.98000000000002,0.1905625,3.42,3.2372598162071844,5,0.125,0.55,300,20.625,0.06875,0.025,0.5,6.5,0.1625,0.55,26.812500000000004,0.08937500000000001,6.1875000000000036,0.30000000000000016
ServicesCo,Oilfield Services,0,-0.2,-0.15,2380.0,452.2,-0.354,0.0,119.0,45.370000000000005,0.14178125,3.23,3.427686864219372,5,0.125,0.6,300,22.5,0.075,0.025,0.5,7.0,0.17500000000000002,0.6,31.500000000000004,0.10500000000000001,9.000000000000004,0.40000000000000013
ServicesCo,Oilfield Services,0,-0.25,0.0,2625.0,498.75,-0.2875,0.0,131.25,72.6875,0.2271484375,3.5625,3.107769423558897,5,0.125,0.55,300,20.625,0.06875,0.025,0.5,6.5,0.1625,0.55,26.812500000000004,0.08937500000000001,6.1875000000000036,0.30000000000000016
ServicesCo,Oilfield Services,0,-0.25,-0.05,2493.75,473.8125,-0.323125,0.0,124.6875,58.05312500000002,0.181416015625,3.384375,3.271336235325155,5,0.125,0.55,300,20.625,0.06875,0.025,0.5,6.5,0.1625,0.55,26.812500000000004,0.08937500000000001,6.1875000000000036,0.30000000000000016
ServicesCo,Oilfield Services,0,-0.25,-0.1,2362.5,448.875,-0.35875,0.0,118.125,43.41874999999999,0.1356835937499999,3.20625,3.4530771372876634,5,0.125,0.6,300,22.5,0.075,0.025,0.5,7.0,0.17500000000000002,0.6,31.500000000000004,0.10500000000000001,9.000000000000004,0.40000000000000013
ServicesCo,Oilfield Services,0,-0.25,-0.15,2231.25,423.9375,-0.394375,0.0,111.5625,28.78437500000001,0.089951171875,3.028125,3.6561993218339968,5,0.125,0.6,300,22.5,0.075,0.025,0.5,7.0,0.17500000000000002,0.6,31.500000000000004,0.10500000000000001,9.000000000000004,0.40000000000000013
ServicesCo,Oilfield Services,50,0.0,0.0,3500.0,658.875,-0.0587499999999999,6.125,175.0,165.04375000000005,0.5157617187500001,4.70625,2.3524947827736677,5,0.125,0.5,300,18.75,0.0625,0.025,0.5,4.0,0.1,0.5,15.0,0.05,-3.75,-0.2
ServicesCo,Oilfield Services,50,0.0,-0.05,3325.0,625.93125,-0.1058125,5.81875,166.25,145.79156249999994,0.4555986328124998,4.4709375,2.476310297656492,5,0.125,0.5,300,18.75,0.0625,0.025,0.5,5.0,0.125,0.5,18.75,0.0625,0.0,0.0
ServicesCo,Oilfield Services,50,0.0,-0.1,3150.0,592.9875,-0.1528750000000001,5.5125,157.5,126.53937499999996,0.3954355468749998,4.235625,2.6138830919707416,5,0.125,0.5,300,18.75,0.0625,0.025,0.5,5.5,0.1375,0.5,20.625,0.06875,1.875,0.1
ServicesCo,Oilfield Services,50,0.0,-0.15,2975.0,560.04375,-0.1999375,5.20625,148.75,107.28718750000009,0.3352724609375002,4.000312500000001,2.7676409209101966,5,0.125,0.5,300,18.75,0.0625,0.025,0.5,5.5,0.1375,0.5,20.625,0.06875,1.875,0.1
ServicesCo,Oilfield Services,50,-0.05,0.0,3325.0,625.93125,-0.1058125,5.81875,166.25,145.79156249999994,0.4555986328124998,4.4709375,2.476310297656492,5,0.125,0.5,300,18.75,0.0625,0.025,0.5,5.0,0.125,0.5,18.75,0.0625,0.0,0.0
ServicesCo,Oilfield Services,50,-0.05,-0.05,3158.75,594.6346875,-0.1505218749999999,5.5278125,157.9375,127.501984375,0.398443701171875,4.247390625,2.6066424185857806,5,0.125,0.5,300,18.75,0.0625,0.025,0.5,5.5,0.1375,0.5,20.625,0.06875,1.875,0.1
ServicesCo,Oilfield Services,50,-0.05,-0.1,2992.5,563.338125,-0.1952312499999999,5.236875,149.625,109.21240625000002,0.34128876953125,4.02384375,2.751455886284991,5,0.125,0.5,300,18.75,0.0625,0.025,0.5,5.5,0.1375,0.5,20.625,0.06875,1.875,0.1
ServicesCo,Oilfield Services,50,-0.05,-0.15,2826.25,532.0415624999999,-0.2399406250000001,4.9459375,141.3125,90.92282812499997,0.2841338378906249,3.800296875,2.9133062325370496,5,0.125,0.55,300,20.625,0.06875,0.025,0.5,6.0,0.15000000000000002,0.55,24.750000000000007,0.08250000000000002,4.125000000000007,0.20000000000000034
ServicesCo,Oilfield Services,50,-0.1,0.0,3150.0,592.9875,-0.1528750000000001,5.5125,157.5,126.53937499999996,0.3954355468749998,4.235625,2.6138830919707416,5,0.125,0.5,300,18.75,0.0625,0.025,0.5,5.5,0.1375,0.5,20.625,0.06875,1.875,0.1
ServicesCo,Oilfield Services,50,-0.1,-0.05,2992.5,563.338125,-0.1952312499999999,5.236875,149.625,109.21240625000002,0.34128876953125,4.02384375,2.751455886284991,5,0.125,0.5,300,18.75,0.0625,0.025,0.5,5.5,0.1375,0.5,20.625,0.06875,1.875,0.1
ServicesCo,Oilfield Services,50,-0.1,-0.1,2835.0,533.68875,-0.2375874999999999,4.96125,141.75,91.88543750000002,0.2871419921875001,3.8120625,2.904314546634157,5,0.125,0.55,300,20.625,0.06875,0.025,0.5,6.0,0.15000000000000002,0.55,24.750000000000007,0.08250000000000002,4.125000000000007,0.20000000000000034
ServicesCo,Oilfield Services,50,-0.1,-0.15,2677.5,504.039375,-0.2799437499999999,4.685625,133.875,74.55846874999997,0.2329952148437499,3.60028125,3.0751565787891075,5,0.125,0.55,300,20.625,0.06875,0.025,0.5,6.5,0.1625,0.55,26.812500000000004,0.08937500000000001,6.1875000000000036,0.30000000000000016
ServicesCo,Oilfield Services,50,-0.15,0.0,2975.0,560.04375,-0.1999375,5.20625,148.75,107.28718750000009,0.3352724609375002,4.000312500000001,2.7676409209101966,5,0.125,0.5,300,18.75,0.0625,0.025,0.5,5.5,0.1375,0.5,20.625,0.06875,1.875,0.1
ServicesCo,Oilfield Services,50,-0.15,-0.05,2826.25,532.0415624999999,-0.2399406250000001,4.9459375,141.3125,90.92282812499997,0.2841338378906249,3.800296875,2.9133062325370496,5,0.125,0.55,300,20.625,0.06875,0.025,0.5,6.0,0.15000000000000002,0.55,24.750000000000007,0.08250000000000002,4.125000000000007,0.20000000000000034
ServicesCo,Oilfield Services,50,-0.15,-0.1,2677.5,504.039375,-0.2799437499999999,4.685625,133.875,74.55846874999997,0.2329952148437499,3.60028125,3.0751565787891075,5,0.125,0.55,300,20.625,0.06875,0.025,0.5,6.5,0.1625,0.55,26.812500000000004,0.08937500000000001,6.1875000000000036,0.30000000000000016
ServicesCo,Oilfield Services,50,-0.15,-0.15,2528.75,476.0371875,-0.3199468750000001,4.4253125,126.4375,58.19410937499998,0.1818565917968749,3.400265625,3.2560481422472907,5,0.125,0.55,300,20.625,0.06875,0.025,0.5,6.5,0.1625,0.55,26.812500000000004,0.08937500000000001,6.1875000000000036,0.30000000000000016
ServicesCo,Oilfield Services,50,-0.2,0.0,2800.0,527.1,-0.247,4.9,140.0,88.03500000000003,0.2751093750000001,3.765,2.940618478467084,5,0.125,0.55,300,20.625,0.06875,0.025,0.5,6.0,0.15000000000000002,0.55,24.750000000000007,0.08250000000000002,4.125000000000007,0.20000000000000034
ServicesCo,Oilfield Services,50,-0.2,-0.05,2660.0,500.745,-0.2846499999999999,4.655,133.0,72.63324999999998,0.2269789062499999,3.57675,3.095387872070615,5,0.125,0.55,300,20.625,0.06875,0.025,0.5,6.5,0.1625,0.55,26.812500000000004,0.08937500000000001,6.1875000000000036,0.30000000000000016
ServicesCo,Oilfield Services,50,-0.2,-0.1,2520.0,474.39,-0.3223,4.41,126.0,57.23149999999998,0.1788484374999999,3.3885,3.2673538649634266,5,0.125,0.55,300,20.625,0.06875,0.025,0.5,6.5,0.1625,0.55,26.812500000000004,0.08937500000000001,6.1875000000000036,0.30000000000000016
ServicesCo,Oilfield Services,50,-0.2,-0.15,2380.0,448.035,-0.35995,4.165,119.0,41.82974999999999,0.1307179687499999,3.20025,3.459551151137746,5,0.125,0.6,300,22.5,0.075,0.025,0.5,7.0,0.17500000000000002,0.6,31.500000000000004,0.10500000000000001,9.000000000000004,0.40000000000000013
ServicesCo,Oilfield Services,50,-0.25,0.0,2625.0,494.15625,-0.2940625,4.59375,131.25,68.78281249999998,0.2149462890624999,3.5296875,3.136659710364889,5,0.125,0.55,300,20.625,0.06875,0.025,0.5,6.5,0.1625,0.55,26.812500000000004,0.08937500000000001,6.1875000000000036,0.30000000000000016
ServicesCo,Oilfield Services,50,-0.25,-0.05,2493.75,469.4484375,-0.329359375,4.3640625,124.6875,54.34367187500004,0.1698239746093751,3.3532031250000003,3.301747063541989,5,0.125,0.55,300,20.625,0.06875,0.025,0.5,6.5,0.1625,0.55,26.812500000000004,0.08937500000000001,6.1875000000000036,0.30000000000000016
ServicesCo,Oilfield Services,50,-0.25,-0.1,2362.5,444.740625,-0.36465625,4.134375,118.125,39.90453124999999,0.1247016601562499,3.17671875,3.4851774559609883,5,0.125,0.6,300,22.5,0.075,0.025,0.5,7.0,0.17500000000000002,0.6,31.500000000000004,0.10500000000000001,9.000000000000004,0.40000000000000013
ServicesCo,Oilfield Services,50,-0.25,-0.15,2231.25,420.0328125,-0.399953125,3.9046875,111.5625,25.465390625,0.079579345703125,3.000234375,3.690187894546929,5,0.125,0.6,300,22.5,0.075,0.025,0.5,7.0,0.17500000000000002,0.6,31.500000000000004,0.10500000000000001,9.000000000000004,0.40000000000000013
ServicesCo,Oilfield Services,75,0.0,0.0,3500.0,655.8125,-0.0631249999999999,9.1875,175.0,162.44062499999995,0.5076269531249998,4.684375,2.363480415515105,5,0.125,0.5,300,18.75,0.0625,0.025,0.5,4.0,0.1,0.5,15.0,0.05,-3.75,-0.2
ServicesCo,Oilfield Services,75,0.0,-0.05,3325.0,623.021875,-0.1099687499999999,8.728125,166.25,143.31859375,0.4478706054687499,4.45015625,2.487874121594848,5,0.125,0.5,300,18.75,0.0625,0.025,0.5,5.0,0.125,0.5,18.75,0.0625,0.0,0.0
ServicesCo,Oilfield Services,75,0.0,-0.1,3150.0,590.23125,-0.1568124999999999,8.26875,157.5,124.19656250000004,0.3881142578125001,4.2159375,2.626089350572339,5,0.125,0.5,300,18.75,0.0625,0.025,0.5,5.5,0.1375,0.5,20.625,0.06875,1.875,0.1
ServicesCo,Oilfield Services,75,0.0,-0.15,2975.0,557.440625,-0.2036562500000001,7.809375,148.75,105.07453124999996,0.3283579101562498,3.98171875,2.7805651947236534,5,0.125,0.55,300,20.625,0.06875,0.025,0.5,6.0,0.15000000000000002,0.55,24.750000000000007,0.08250000000000002,4.125000000000007,0.20000000000000034
ServicesCo,Oilfield Services,75,-0.05,0.0,3325.0,623.021875,-0.1099687499999999,8.728125,166.25,143.31859375,0.4478706054687499,4.45015625,2.487874121594848,5,0.125,0.5,300,18.75,0.0625,0.025,0.5,5.0,0.125,0.5,18.75,0.0625,0.0,0.0
ServicesCo,Oilfield Services,75,-0.05,-0.05,3158.75,591.87078125,-0.1544703124999998,8.29171875,157.9375,125.15266406250004,0.3911020751953126,4.2276484375,2.6188148648366814,5,0.125,0.5,300,18.75,0.0625,0.025,0.5,5.5,0.1375,0.5,20.625,0.06875,1.875,0.1
ServicesCo,Oilfield Services,75,-0.05,-0.1,2992.5,560.7196875000001,-0.1989718749999999,7.8553125,149.625,106.98673437500008,0.3343335449218753,4.005140625,2.7643045795498304,5,0.125,0.5,300,18.75,0.0625,0.025,0.5,5.5,0.1375,0.5,20.625,0.06875,1.875,0.1
ServicesCo,Oilfield Services,75,-0.05,-0.15,2826.25,529.56859375,-0.2434734375,7.41890625,141.3125,88.82080468750002,0.2775650146484375,3.7826328125,2.926910731288056,5,0.125,0.55,300,20.625,0.06875,0.025,0.5,6.0,0.15000000000000002,0.55,24.750000000000007,0.08250000000000002,4.125000000000007,0.20000000000000034
ServicesCo,Oilfield Services,75,-0.1,0.0,3150.0,590.23125,-0.1568124999999999,8.26875,157.5,124.19656250000004,0.3881142578125001,4.2159375,2.626089350572339,5,0.125,0.5,300,18.75,0.0625,0.025,0.5,5.5,0.1375,0.5,20.625,0.06875,1.875,0.1
ServicesCo,Oilfield Services,75,-0.1,-0.05,2992.5,560.7196875000001,-0.1989718749999999,7.8553125,149.625,106.98673437500008,0.3343335449218753,4.005140625,2.7643045795498304,5,0.125,0.5,300,18.75,0.0625,0.025,0.5,5.5,0.1375,0.5,20.625,0.06875,1.875,0.1
ServicesCo,Oilfield Services,75,-0.1,-0.1,2835.0,531.208125,-0.24113125,7.441875,141.75,89.77690625000002,0.2805528320312501,3.79434375,2.917877056191488,5,0.125,0.55,300,20.625,0.06875,0.025,0.5,6.0,0.15000000000000002,0.55,24.750000000000007,0.08250000000000002,4.125000000000007,0.20000000000000034
ServicesCo,Oilfield Services,75,-0.1,-0.15,2677.5,501.6965625,-0.2832906249999999,7.0284375,133.875,72.56707812500002,0.226772119140625,3.583546875,3.089516883026281,5,0.125,0.55,300,20.625,0.06875,0.025,0.5,6.5,0.1625,0.55,26.812500000000004,0.08937500000000001,6.1875000000000036,0.30000000000000016
ServicesCo,Oilfield Services,75,-0.15,0.0,2975.0,557.440625,-0.2036562500000001,7.809375,148.75,105.07453124999996,0.3283579101562498,3.98171875,2.7805651947236534,5,0.125,0.55,300,20.625,0.06875,0.025,0.5,6.0,0.15000000000000002,0.55,24.750000000000007,0.08250000000000002,4.125000000000007,0.20000000000000034
ServicesCo,Oilfield Services,75,-0.15,-0.05,2826.25,529.56859375,-0.2434734375,7.41890625,141.3125,88.82080468750002,0.2775650146484375,3.7826328125,2.926910731288056,5,0.125,0.55,300,20.625,0.06875,0.025,0.5,6.0,0.15000000000000002,0.55,24.750000000000007,0.08250000000000002,4.125000000000007,0.20000000000000034
ServicesCo,Oilfield Services,75,-0.15,-0.1,2677.5,501.6965625,-0.2832906249999999,7.0284375,133.875,72.56707812500002,0.226772119140625,3.583546875,3.089516883026281,5,0.125,0.55,300,20.625,0.06875,0.025,0.5,6.5,0.1625,0.55,26.812500000000004,0.08937500000000001,6.1875000000000036,0.30000000000000016
ServicesCo,Oilfield Services,75,-0.15,-0.15,2528.75,473.82453125,-0.3231078125000001,6.63796875,126.4375,56.313351562499975,0.1759792236328124,3.3844609375,3.271253170263122,5,0.125,0.55,300,20.625,0.06875,0.025,0.5,6.5,0.1625,0.55,26.812500000000004,0.08937500000000001,6.1875000000000036,0.30000000000000016
ServicesCo,Oilfield Services,75,-0.2,0.0,2800.0,524.65,-0.2505,7.35,140.0,85.95249999999999,0.2686015624999999,3.7475,2.954350519393882,5,0.125,0.55,300,20.625,0.06875,0.025,0.5,6.0,0.15000000000000002,0.55,24.750000000000007,0.08250000000000002,4.125000000000007,0.20000000000000034
ServicesCo,Oilfield Services,75,-0.2,-0.05,2660.0,498.4175,-0.2879750000000001,6.9825,133.0,70.65487499999995,0.2207964843749998,3.560125,3.10984265199356,5,0.125,0.55,300,20.625,0.06875,0.025,0.5,6.5,0.1625,0.55,26.812500000000004,0.08937500000000001,6.1875000000000036,0.30000000000000016
ServicesCo,Oilfield Services,75,-0.2,-0.1,2520.0,472.185,-0.32545,6.615,126.0,55.35725000000002,0.17299140625,3.37275,3.282611688215424,5,0.125,0.55,300,20.625,0.06875,0.025,0.5,6.5,0.1625,0.55,26.812500000000004,0.08937500000000001,6.1875000000000036,0.30000000000000016
ServicesCo,Oilfield Services,75,-0.2,-0.15,2380.0,445.9525,-0.362925,6.2475,119.0,40.05962499999998,0.1251863281249999,3.185375,3.4757064934045667,5,0.125,0.6,300,22.5,0.075,0.025,0.5,7.0,0.17500000000000002,0.6,31.500000000000004,0.10500000000000001,9.000000000000004,0.40000000000000013
ServicesCo,Oilfield Services,75,-0.25,0.0,2625.0,491.859375,-0.29734375,6.890625,131.25,66.83046875000002,0.20884521484375,3.51328125,3.151307220686807,5,0.125,0.55,300,20.625,0.06875,0.025,0.5,6.5,0.1625,0.55,26.812500000000004,0.08937500000000001,6.1875000000000036,0.30000000000000016
ServicesCo,Oilfield Services,75,-0.25,-0.05,2493.75,467.26640625,-0.3324765625,6.54609375,124.6875,52.48894531249999,0.1640279541015624,3.3376171875,3.317165495459797,5,0.125,0.55,300,20.625,0.06875,0.025,0.5,6.5,0.1625,0.55,26.812500000000004,0.08937500000000001,6.1875000000000036,0.30000000000000016
ServicesCo,Oilfield Services,75,-0.25,-0.1,2362.5,442.6734375,-0.367609375,6.2015625,118.125,38.14742187499997,0.1192106933593748,3.161953125,3.501452467429786,5,0.125,0.6,300,22.5,0.075,0.025,0.5,7.0,0.17500000000000002,0.6,31.500000000000004,0.10500000000000001,9.000000000000004,0.40000000000000013
ServicesCo,Oilfield Services,75,-0.25,-0.15,2231.25,418.08046875,-0.4027421875,5.85703125,111.5625,23.80589843749999,0.0743934326171874,2.9862890625,3.7074202596315375,5,0.125,0.6,300,22.5,0.075,0.025,0.5,7.0,0.17500000000000002,0.6,31.500000000000004,0.10500000000000001,9.000000000000004,0.40000000000000013
ServicesCo,Oilfield Services,100,0.0,0.0,3500.0,652.75,-0.0675,12.25,175.0,159.83749999999998,0.4994921874999999,4.6625,2.3745691306013024,5,0.125,0.5,300,18.75,0.0625,0.025,0.5,5.0,0.125,0.5,18.75,0.0625,0.0,0.0
ServicesCo,Oilfield Services,100,0.0,-0.05,3325.0,620.1125,-0.114125,11.6375,166.25,140.84562499999993,0.4401425781249998,4.429374999999999,2.4995464532645286,5,0.125,0.5,300,18.75,0.0625,0.025,0.5,5.0,0.125,0.5,18.75,0.0625,0.0,0.0
ServicesCo,Oilfield Services,100,0.0,-0.1,3150.0,587.475,-0.1607499999999999,11.025,157.5,121.85375,0.3807929687499999,4.19625,2.638410145112558,5,0.125,0.5,300,18.75,0.0625,0.025,0.5,5.5,0.1375,0.5,20.625,0.06875,1.875,0.1
ServicesCo,Oilfield Services,100,0.0,-0.15,2975.0,554.8375,-0.2073750000000001,10.4125,148.75,102.861875,0.321443359375,3.963125,2.793610741883885,5,0.125,0.55,300,20.625,0.06875,0.025,0.5,6.0,0.15000000000000002,0.55,24.750000000000007,0.08250000000000002,4.125000000000007,0.20000000000000034
ServicesCo,Oilfield Services,100,-0.05,0.0,3325.0,620.1125,-0.114125,11.6375,166.25,140.84562499999993,0.4401425781249998,4.429374999999999,2.4995464532645286,5,0.125,0.5,300,18.75,0.0625,0.025,0.5,5.0,0.125,0.5,18.75,0.0625,0.0,0.0
ServicesCo,Oilfield Services,100,-0.05,-0.05,3158.75,589.1068750000001,-0.1584187499999999,11.055625,157.9375,122.80334375000008,0.3837604492187502,4.207906250000001,2.631101529752135,5,0.125,0.5,300,18.75,0.0625,0.025,0.5,5.5,0.1375,0.5,20.625,0.06875,1.875,0.1
ServicesCo,Oilfield Services,100,-0.05,-0.1,2992.5,558.10125,-0.2027124999999999,10.47375,149.625,104.76106250000004,0.3273783203125001,3.986437500000001,2.777273836960587,5,0.125,0.55,300,20.625,0.06875,0.025,0.5,6.0,0.15000000000000002,0.55,24.750000000000007,0.08250000000000002,4.125000000000007,0.20000000000000034
ServicesCo,Oilfield Services,100,-0.05,-0.15,2826.25,527.0956249999999,-0.2470062500000001,9.891875,141.3125,86.71878124999995,0.2709961914062498,3.76496875,2.9406428861935634,5,0.125,0.55,300,20.625,0.06875,0.025,0.5,6.0,0.15000000000000002,0.55,24.750000000000007,0.08250000000000002,4.125000000000007,0.20000000000000034
ServicesCo,Oilfield Services,100,-0.1,0.0,3150.0,587.475,-0.1607499999999999,11.025,157.5,121.85375,0.3807929687499999,4.19625,2.638410145112558,5,0.125,0.5,300,18.75,0.0625,0.025,0.5,5.5,0.1375,0.5,20.625,0.06875,1.875,0.1
ServicesCo,Oilfield Services,100,-0.1,-0.05,2992.5,558.10125,-0.2027124999999999,10.47375,149.625,104.76106250000004,0.3273783203125001,3.986437500000001,2.777273836960587,5,0.125,0.55,300,20.625,0.06875,0.025,0.5,6.0,0.15000000000000002,0.55,24.750000000000007,0.08250000000000002,4.125000000000007,0.20000000000000034
ServicesCo,Oilfield Services,100,-0.1,-0.1,2835.0,528.7275,-0.2446750000000001,9.9225,141.75,87.66837499999997,0.2739636718749999,3.776625,2.9315668279028424,5,0.125,0.55,300,20.625,0.06875,0.025,0.5,6.0,0.15000000000000002,0.55,24.750000000000007,0.08250000000000002,4.125000000000007,0.20000000000000034
ServicesCo,Oilfield Services,100,-0.1,-0.15,2677.5,499.3537500000001,-0.2866374999999999,9.37125,133.875,70.57568750000007,0.2205490234375002,3.5668125,3.1040119354265383,5,0.125,0.55,300,20.625,0.06875,0.025,0.5,6.5,0.1625,0.55,26.812500000000004,0.08937500000000001,6.1875000000000036,0.30000000000000016
ServicesCo,Oilfield Services,100,-0.15,0.0,2975.0,554.8375,-0.2073750000000001,10.4125,148.75,102.861875,0.321443359375,3.963125,2.793610741883885,5,0.125,0.55,300,20.625,0.06875,0.025,0.5,6.0,0.15000000000000002,0.55,24.750000000000007,0.08250000000000002,4.125000000000007,0.20000000000000034
ServicesCo,Oilfield Services,100,-0.15,-0.05,2826.25,527.0956249999999,-0.2470062500000001,9.891875,141.3125,86.71878124999995,0.2709961914062498,3.76496875,2.9406428861935634,5,0.125,0.55,300,20.625,0.06875,0.025,0.5,6.0,0.15000000000000002,0.55,24.750000000000007,0.08250000000000002,4.125000000000007,0.20000000000000034
ServicesCo,Oilfield Services,100,-0.15,-0.1,2677.5,499.3537500000001,-0.2866374999999999,9.37125,133.875,70.57568750000007,0.2205490234375002,3.5668125,3.1040119354265383,5,0.125,0.55,300,20.625,0.06875,0.025,0.5,6.5,0.1625,0.55,26.812500000000004,0.08937500000000001,6.1875000000000036,0.30000000000000016
ServicesCo,Oilfield Services,100,-0.15,-0.15,2528.75,471.611875,-0.32626875,8.850625,126.4375,54.43259375000002,0.17010185546875,3.36865625,3.2866008728045704,5,0.125,0.55,300,20.625,0.06875,0.025,0.5,6.5,0.1625,0.55,26.812500000000004,0.08937500000000001,6.1875000000000036,0.30000000000000016
ServicesCo,Oilfield Services,100,-0.2,0.0,2800.0,522.2,-0.2539999999999999,9.8,140.0,83.87000000000006,0.2620937500000002,3.73,2.9682114132516277,5,0.125,0.55,300,20.625,0.06875,0.025,0.5,6.0,0.15000000000000002,0.55,24.750000000000007,0.08250000000000002,4.125000000000007,0.20000000000000034
ServicesCo,Oilfield Services,100,-0.2,-0.05,2660.0,496.09,-0.2913,9.31,133.0,68.67649999999998,0.2146140624999999,3.5435,3.124433066580661,5,0.125,0.55,300,20.625,0.06875,0.025,0.5,6.5,0.1625,0.55,26.812500000000004,0.08937500000000001,6.1875000000000036,0.30000000000000016
ServicesCo,Oilfield Services,100,-0.2,-0.1,2520.0,469.98,-0.3286,8.82,126.0,53.483,0.167134375,3.357,3.298012681390697,5,0.125,0.55,300,20.625,0.06875,0.025,0.5,6.5,0.1625,0.55,26.812500000000004,0.08937500000000001,6.1875000000000036,0.30000000000000016
ServicesCo,Oilfield Services,100,-0.2,-0.15,2380.0,443.87,-0.3659,8.33,119.0,38.289499999999975,0.1196546874999999,3.1705,3.492013427354856,5,0.125,0.6,300,22.5,0.075,0.025,0.5,7.0,0.17500000000000002,0.6,31.500000000000004,0.10500000000000001,9.000000000000004,0.40000000000000013
ServicesCo,Oilfield Services,100,-0.25,0.0,2625.0,489.5625,-0.300625,9.1875,131.25,64.87812500000001,0.202744140625,3.496875,3.1660921741350694,5,0.125,0.55,300,20.625,0.06875,0.025,0.5,6.5,0.1625,0.55,26.812500000000004,0.08937500000000001,6.1875000000000036,0.30000000000000016
ServicesCo,Oilfield Services,100,-0.25,-0.05,2493.75,465.084375,-0.3355937499999999,8.728125,124.6875,50.63421875,0.15823193359375,3.32203125,3.3327286043527047,5,0.125,0.55,300,20.625,0.06875,0.025,0.5,6.5,0.1625,0.55,26.812500000000004,0.08937500000000001,6.1875000000000036,0.30000000000000016
ServicesCo,Oilfield Services,100,-0.25,-0.1,2362.5,440.60625,-0.3705625,8.26875,118.125,36.39031249999999,0.1137197265624999,3.1471875,3.5178801934834105,5,0.125,0.6,300,22.5,0.075,0.025,0.5,7.0,0.17500000000000002,0.6,31.500000000000004,0.10500000000000001,9.000000000000004,0.40000000000000013
ServicesCo,Oilfield Services,100,-0.25,-0.15,2231.25,416.128125,-0.40553125,7.809375,111.5625,22.14640625000004,0.0692075195312501,2.9723437500000003,3.7248143225118464,5,0.125,0.6,300,22.5,0.075,0.025,0.5,7.0,0.17500000000000002,0.6,31.500000000000004,0.10500000000000001,9.000000000000004,0.40000000000000013
ServicesCo,Oilfield Services,150,0.0,0.0,3500.0,646.625,-0.07625,18.375,175.0,154.63125000000002,0.48322265625,4.61875,2.397061666344481,5,0.125,0.5,300,18.75,0.0625,0.025,0.5,5.0,0.125,0.5,18.75,0.0625,0.0,0.0
ServicesCo,Oilfield Services,150,0.0,-0.05,3325.0,614.29375,-0.1224374999999999,17.45625,166.25,135.89968750000003,0.4246865234375001,4.3878125,2.523222806678401,5,0.125,0.5,300,18.75,0.0625,0.025,0.5,5.5,0.1375,0.5,20.625,0.06875,1.875,0.1
ServicesCo,Oilfield Services,150,0.0,-0.1,3150.0,581.9625,-0.168625,16.5375,157.5,117.16812499999996,0.3661503906249999,4.156874999999999,2.663401851493868,5,0.125,0.5,300,18.75,0.0625,0.025,0.5,5.5,0.1375,0.5,20.625,0.06875,1.875,0.1
ServicesCo,Oilfield Services,150,0.0,-0.15,2975.0,549.63125,-0.2148124999999999,15.61875,148.75,98.43656250000004,0.3076142578125001,3.9259375,2.8200725486405656,5,0.125,0.55,300,20.625,0.06875,0.025,0.5,6.0,0.15000000000000002,0.55,24.750000000000007,0.08250000000000002,4.125000000000007,0.20000000000000034
ServicesCo,Oilfield Services,150,-0.05,0.0,3325.0,614.29375,-0.1224374999999999,17.45625,166.25,135.89968750000003,0.4246865234375001,4.3878125,2.523222806678401,5,0.125,0.5,300,18.75,0.0625,0.025,0.5,5.5,0.1375,0.5,20.625,0.06875,1.875,0.1
ServicesCo,Oilfield Services,150,-0.05,-0.05,3158.75,583.5790625000001,-0.1663156249999998,16.5834375,157.9375,118.10470312500009,0.3690771972656252,4.168421875000001,2.6560240070298957,5,0.125,0.5,300,18.75,0.0625,0.025,0.5,5.5,0.1375,0.5,20.625,0.06875,1.875,0.1
ServicesCo,Oilfield Services,150,-0.05,-0.1,2992.5,552.864375,-0.2101937499999999,15.710625,149.625,100.30971875,0.31346787109375,3.94903125,2.8035808963093345,5,0.125,0.55,300,20.625,0.06875,0.025,0.5,6.0,0.15000000000000002,0.55,24.750000000000007,0.08250000000000002,4.125000000000007,0.20000000000000034
ServicesCo,Oilfield Services,150,-0.05,-0.15,2826.25,522.1496874999999,-0.2540718750000001,14.8378125,141.3125,82.51473437499993,0.2578585449218747,3.729640625,2.9684974196216487,5,0.125,0.55,300,20.625,0.06875,0.025,0.5,6.0,0.15000000000000002,0.55,24.750000000000007,0.08250000000000002,4.125000000000007,0.20000000000000034
ServicesCo,Oilfield Services,150,-0.1,0.0,3150.0,581.9625,-0.168625,16.5375,157.5,117.16812499999996,0.3661503906249999,4.156874999999999,2.663401851493868,5,0.125,0.5,300,18.75,0.0625,0.025,0.5,5.5,0.1375,0.5,20.625,0.06875,1.875,0.1
ServicesCo,Oilfield Services,150,-0.1,-0.05,2992.5,552.864375,-0.2101937499999999,15.710625,149.625,100.30971875,0.31346787109375,3.94903125,2.8035808963093345,5,0.125,0.55,300,20.625,0.06875,0.025,0.5,6.0,0.15000000000000002,0.55,24.750000000000007,0.08250000000000002,4.125000000000007,0.20000000000000034
ServicesCo,Oilfield Services,150,-0.1,-0.1,2835.0,523.76625,-0.2517625,14.88375,141.75,83.45131250000003,0.2607853515625001,3.7411875,2.959335390548742,5,0.125,0.55,300,20.625,0.06875,0.025,0.5,6.0,0.15000000000000002,0.55,24.750000000000007,0.08250000000000002,4.125000000000007,0.20000000000000034
ServicesCo,Oilfield Services,150,-0.1,-0.15,2677.5,494.668125,-0.2933312499999999,14.056875,133.875,66.59290625000006,0.2081028320312501,3.53334375,3.133413942933962,5,0.125,0.55,300,20.625,0.06875,0.025,0.5,6.5,0.1625,0.55,26.812500000000004,0.08937500000000001,6.1875000000000036,0.30000000000000016
ServicesCo,Oilfield Services,150,-0.15,0.0,2975.0,549.63125,-0.2148124999999999,15.61875,148.75,98.43656250000004,0.3076142578125001,3.9259375,2.8200725486405656,5,0.125,0.55,300,20.625,0.06875,0.025,0.5,6.0,0.15000000000000002,0.55,24.750000000000007,0.08250000000000002,4.125000000000007,0.20000000000000034
ServicesCo,Oilfield Services,150,-0.15,-0.05,2826.25,522.1496874999999,-0.2540718750000001,14.8378125,141.3125,82.51473437499993,0.2578585449218747,3.729640625,2.9684974196216487,5,0.125,0.55,300,20.625,0.06875,0.025,0.5,6.0,0.15000000000000002,0.55,24.750000000000007,0.08250000000000002,4.125000000000007,0.20000000000000034
ServicesCo,Oilfield Services,150,-0.15,-0.1,2677.5,494.668125,-0.2933312499999999,14.056875,133.875,66.59290625000006,0.2081028320312501,3.53334375,3.133413942933962,5,0.125,0.55,300,20.625,0.06875,0.025,0.5,6.5,0.1625,0.55,26.812500000000004,0.08937500000000001,6.1875000000000036,0.30000000000000016
ServicesCo,Oilfield Services,150,-0.15,-0.15,2528.75,467.1865625,-0.332590625,13.2759375,126.4375,50.67107812500001,0.158347119140625,3.337046875,3.317732410165372,5,0.125,0.55,300,20.625,0.06875,0.025,0.5,6.5,0.1625,0.55,26.812500000000004,0.08937500000000001,6.1875000000000036,0.30000000000000016
ServicesCo,Oilfield Services,150,-0.2,0.0,2800.0,517.3,-0.261,14.7,140.0,79.70499999999998,0.2490781249999999,3.695,2.996327082930601,5,0.125,0.55,300,20.625,0.06875,0.025,0.5,6.0,0.15000000000000002,0.55,24.750000000000007,0.08250000000000002,4.125000000000007,0.20000000000000034
ServicesCo,Oilfield Services,150,-0.2,-0.05,2660.0,491.435,-0.29795,13.965,133.0,64.71974999999998,0.2022492187499999,3.51025,3.1540285083480013,5,0.125,0.55,300,20.625,0.06875,0.025,0.5,6.5,0.1625,0.55,26.812500000000004,0.08937500000000001,6.1875000000000036,0.30000000000000016
ServicesCo,Oilfield Services,150,-0.2,-0.1,2520.0,465.57,-0.3349,13.23,126.0,49.734500000000025,0.1554203125,3.3255,3.3292523143673347,5,0.125,0.55,300,20.625,0.06875,0.025,0.5,6.5,0.1625,0.55,26.812500000000004,0.08937500000000001,6.1875000000000036,0.30000000000000016
ServicesCo,Oilfield Services,150,-0.2,-0.15,2380.0,439.705,-0.37185,12.495,119.0,34.74924999999996,0.1085914062499998,3.14075,3.5250906858007074,5,0.125,0.6,300,22.5,0.075,0.025,0.5,7.0,0.17500000000000002,0.6,31.500000000000004,0.10500000000000001,9.000000000000004,0.40000000000000013
ServicesCo,Oilfield Services,150,-0.25,0.0,2625.0,484.96875,-0.3071874999999999,13.78125,131.25,60.97343749999999,0.1905419921874999,3.4640625,3.196082221792641,5,0.125,0.55,300,20.625,0.06875,0.025,0.5,6.5,0.1625,0.55,26.812500000000004,0.08937500000000001,6.1875000000000036,0.30000000000000016
ServicesCo,Oilfield Services,150,-0.25,-0.05,2493.75,460.7203125,-0.341828125,13.0921875,124.6875,46.92476562499997,0.1466398925781248,3.290859375,3.3642970755712014,5,0.125,0.55,300,20.625,0.06875,0.025,0.5,6.5,0.1625,0.55,26.812500000000004,0.08937500000000001,6.1875000000000036,0.30000000000000016
ServicesCo,Oilfield Services,150,-0.25,-0.1,2362.5,436.471875,-0.37646875,12.403125,118.125,32.876093749999995,0.1027377929687499,3.11765625,3.55120246865849,5,0.125,0.6,300,22.5,0.075,0.025,0.5,7.0,0.17500000000000002,0.6,31.500000000000004,0.10500000000000001,9.000000000000004,0.40000000000000013
ServicesCo,Oilfield Services,150,-0.25,-0.15,2231.25,412.2234375,-0.411109375,11.7140625,111.5625,18.82742187499997,0.0588356933593749,2.944453125,3.7600967315207545,5,0.125,0.6,300,22.5,0.075,0.025,0.5,7.0,0.17500000000000002,0.6,31.500000000000004,0.10500000000000001,9.000000000000004,0.40000000000000013
ServicesCo,Oilfield Services,200,0.0,0.0,3500.0,640.5,-0.0849999999999999,24.5,175.0,149.42499999999995,0.4669531249999998,4.575,2.419984387197502,5,0.125,0.5,300,18.75,0.0625,0.025,0.5,5.0,0.125,0.5,18.75,0.0625,0.0,0.0
ServicesCo,Oilfield Services,200,0.0,-0.05,3325.0,608.475,-0.1307499999999999,23.275,166.25,130.95375,0.40923046875,4.34625,2.547351986523686,5,0.125,0.5,300,18.75,0.0625,0.025,0.5,5.5,0.1375,0.5,20.625,0.06875,1.875,0.1
ServicesCo,Oilfield Services,200,0.0,-0.1,3150.0,576.45,-0.1765,22.05,157.5,112.48250000000009,0.3515078125000002,4.117500000000001,2.688871541330557,5,0.125,0.5,300,18.75,0.0625,0.025,0.5,5.5,0.1375,0.5,20.625,0.06875,1.875,0.1
ServicesCo,Oilfield Services,200,0.0,-0.15,2975.0,544.425,-0.22225,20.825,148.75,94.01124999999996,0.2937851562499999,3.88875,2.847040455526473,5,0.125,0.55,300,20.625,0.06875,0.025,0.5,6.0,0.15000000000000002,0.55,24.750000000000007,0.08250000000000002,4.125000000000007,0.20000000000000034
ServicesCo,Oilfield Services,200,-0.05,0.0,3325.0,608.475,-0.1307499999999999,23.275,166.25,130.95375,0.40923046875,4.34625,2.547351986523686,5,0.125,0.5,300,18.75,0.0625,0.025,0.5,5.5,0.1375,0.5,20.625,0.06875,1.875,0.1
ServicesCo,Oilfield Services,200,-0.05,-0.05,3158.75,578.05125,-0.1742125,22.11125,157.9375,113.40606249999996,0.3543939453124999,4.1289375,2.681423143709144,5,0.125,0.5,300,18.75,0.0625,0.025,0.5,5.5,0.1375,0.5,20.625,0.06875,1.875,0.1
ServicesCo,Oilfield Services,200,-0.05,-0.1,2992.5,547.6275,-0.2176749999999999,20.9475,149.625,95.85837500000002,0.299557421875,3.911625,2.830391096137429,5,0.125,0.55,300,20.625,0.06875,0.025,0.5,6.0,0.15000000000000002,0.55,24.750000000000007,0.08250000000000002,4.125000000000007,0.20000000000000034
ServicesCo,Oilfield Services,200,-0.05,-0.15,2826.25,517.2037499999999,-0.2611375000000001,19.78375,141.3125,78.31068749999991,0.2447208984374997,3.694312499999999,2.996884690027867,5,0.125,0.55,300,20.625,0.06875,0.025,0.5,6.0,0.15000000000000002,0.55,24.750000000000007,0.08250000000000002,4.125000000000007,0.20000000000000034
ServicesCo,Oilfield Services,200,-0.1,0.0,3150.0,576.45,-0.1765,22.05,157.5,112.48250000000009,0.3515078125000002,4.117500000000001,2.688871541330557,5,0.125,0.5,300,18.75,0.0625,0.025,0.5,5.5,0.1375,0.5,20.625,0.06875,1.875,0.1
ServicesCo,Oilfield Services,200,-0.1,-0.05,2992.5,547.6275,-0.2176749999999999,20.9475,149.625,95.85837500000002,0.299557421875,3.911625,2.830391096137429,5,0.125,0.55,300,20.625,0.06875,0.025,0.5,6.0,0.15000000000000002,0.55,24.750000000000007,0.08250000000000002,4.125000000000007,0.20000000000000034
ServicesCo,Oilfield Services,200,-0.1,-0.1,2835.0,518.805,-0.25885,19.845,141.75,79.23424999999997,0.2476070312499999,3.70575,2.987635045922842,5,0.125,0.55,300,20.625,0.06875,0.025,0.5,6.0,0.15000000000000002,0.55,24.750000000000007,0.08250000000000002,4.125000000000007,0.20000000000000034
ServicesCo,Oilfield Services,200,-0.1,-0.15,2677.5,489.9825,-0.300025,18.7425,133.875,62.61012500000004,0.1956566406250001,3.4998750000000003,3.163378283918303,5,0.125,0.55,300,20.625,0.06875,0.025,0.5,6.5,0.1625,0.55,26.812500000000004,0.08937500000000001,6.1875000000000036,0.30000000000000016
ServicesCo,Oilfield Services,200,-0.15,0.0,2975.0,544.425,-0.22225,20.825,148.75,94.01124999999996,0.2937851562499999,3.88875,2.847040455526473,5,0.125,0.55,300,20.625,0.06875,0.025,0.5,6.0,0.15000000000000002,0.55,24.750000000000007,0.08250000000000002,4.125000000000007,0.20000000000000034
ServicesCo,Oilfield Services,200,-0.15,-0.05,2826.25,517.2037499999999,-0.2611375000000001,19.78375,141.3125,78.31068749999991,0.2447208984374997,3.694312499999999,2.996884690027867,5,0.125,0.55,300,20.625,0.06875,0.025,0.5,6.0,0.15000000000000002,0.55,24.750000000000007,0.08250000000000002,4.125000000000007,0.20000000000000034
ServicesCo,Oilfield Services,200,-0.15,-0.1,2677.5,489.9825,-0.300025,18.7425,133.875,62.61012500000004,0.1956566406250001,3.4998750000000003,3.163378283918303,5,0.125,0.55,300,20.625,0.06875,0.025,0.5,6.5,0.1625,0.55,26.812500000000004,0.08937500000000001,6.1875000000000036,0.30000000000000016
ServicesCo,Oilfield Services,200,-0.15,-0.15,2528.75,462.76125,-0.3389125,17.70125,126.4375,46.90956249999999,0.1465923828124999,3.3054375,3.3494593594429096,5,0.125,0.55,300,20.625,0.06875,0.025,0.5,6.5,0.1625,0.55,26.812500000000004,0.08937500000000001,6.1875000000000036,0.30000000000000016
ServicesCo,Oilfield Services,200,-0.2,0.0,2800.0,512.4,-0.268,19.6,140.0,75.53999999999996,0.2360624999999999,3.66,3.024980483996877,5,0.125,0.55,300,20.625,0.06875,0.025,0.5,6.5,0.1625,0.55,26.812500000000004,0.08937500000000001,6.1875000000000036,0.30000000000000016
ServicesCo,Oilfield Services,200,-0.2,-0.05,2660.0,486.78,-0.3046000000000001,18.62,133.0,60.76299999999998,0.1898843749999999,3.477,3.184189983154608,5,0.125,0.55,300,20.625,0.06875,0.025,0.5,6.5,0.1625,0.55,26.812500000000004,0.08937500000000001,6.1875000000000036,0.30000000000000016
ServicesCo,Oilfield Services,200,-0.2,-0.1,2520.0,461.16,-0.3411999999999999,17.64,126.0,45.98599999999999,0.1437062499999999,3.294,3.361089426663197,5,0.125,0.55,300,20.625,0.06875,0.025,0.5,6.5,0.1625,0.55,26.812500000000004,0.08937500000000001,6.1875000000000036,0.30000000000000016
ServicesCo,Oilfield Services,200,-0.2,-0.15,2380.0,435.54,-0.3778,16.66,119.0,31.208999999999943,0.0975281249999998,3.111,3.5588005694080915,5,0.125,0.6,300,22.5,0.075,0.025,0.5,7.0,0.17500000000000002,0.6,31.500000000000004,0.10500000000000001,9.000000000000004,0.40000000000000013
ServicesCo,Oilfield Services,200,-0.25,0.0,2625.0,480.375,-0.31375,18.375,131.25,57.06875000000002,0.17833984375,3.43125,3.226645849596669,5,0.125,0.55,300,20.625,0.06875,0.025,0.5,6.5,0.1625,0.55,26.812500000000004,0.08937500000000001,6.1875000000000036,0.30000000000000016
ServicesCo,Oilfield Services,200,-0.25,-0.05,2493.75,456.35625,-0.3480625,17.45625,124.6875,43.21531249999998,0.1350478515624999,3.2596875,3.3964693153649157,5,0.125,0.55,300,20.625,0.06875,0.025,0.5,6.5,0.1625,0.55,26.812500000000004,0.08937500000000001,6.1875000000000036,0.30000000000000016
ServicesCo,Oilfield Services,200,-0.25,-0.1,2362.5,432.3375,-0.382375,16.5375,118.125,29.361875,0.091755859375,3.088125,3.5851620551074106,5,0.125,0.6,300,22.5,0.075,0.025,0.5,7.0,0.17500000000000002,0.6,31.500000000000004,0.10500000000000001,9.000000000000004,0.40000000000000013
ServicesCo,Oilfield Services,200,-0.25,-0.15,2231.25,408.31875,-0.4166875,15.61875,111.5625,15.508437500000014,0.0484638671875,2.9165625,3.796053940701964,5,0.125,0.6,300,22.5,0.075,0.025,0.5,7.0,0.17500000000000002,0.6,31.500000000000004,0.10500000000000001,9.000000000000004,0.40000000000000013
